0.0,2.58,5.333,7.246,11.63,13.82,15.97,20.44,23.03,27.82,33.9,37.71,41.2,47.8,56.0,59.2,61.6,66.0,72.1,83.6,86.3,89.8,93.9,100.5,113.0,125.0,129.4,132.6,139.0,139.8
5.999999,5.999999,5.3658347,5.4055734,5.758082,5.8071356,5.4078364,5.6027417,5.827005,5.4229326,4.971259,5.032922,5.037524,6.3674836,7.0803585,5.7373314,5.2533984,5.272605,5.5112634,8.014172,5.939783,5.147041,4.222526,3.741847,3.4831643,3.5099,3.360167,4.436008,10.509853,4.293356
5.9999995,5.9999995,6.211638,6.035363,6.1727853,7.2851105,7.1958027,6.828704,6.632594,6.4211407,6.2215767,6.0267105,5.6557603,7.0084047,9.371533,6.891038,6.096563,6.1853046,6.503504,9.852636,7.1707497,5.9408364,4.9985704,4.6258388,4.266572,4.327532,4.013443,5.1975307,11.5059,5.8925843
6,6,6.0818977,5.6351986,6.5623145,7.092042,6.550387,6.6558766,7.004366,6.7308936,6.4118686,5.627543,5.077508,6.2379074,7.7634897,6.54444,6.478725,6.4085307,6.4615474,9.151586,7.327161,6.3302956,5.4614654,5.008318,4.4404063,4.270866,3.9601336,5.114276,12.960409,5.4951124
5.9999995,5.9999995,5.5273023,5.4899364,5.78384,5.969224,5.3670006,5.357351,5.719446,5.4956894,5.581681,5.5805836,5.0363593,6.172561,7.1845827,6.0049686,5.635062,5.404452,5.4926567,8.267556,6.050262,5.2581005,4.6171646,4.0923424,3.6914124,3.6628275,3.3404245,4.357232,9.5564375,5.0833616
5.9999995,5.9999995,5.878059,5.5798383,6.264754,6.2956886,5.787571,5.7084465,5.905298,6.026581,5.8839345,5.327198,5.38671,5.4947853,7.3033857,5.9038143,5.7204175,5.955125,6.157835,8.482652,6.0895085,5.302545,4.413265,3.9582381,3.6779823,3.7131548,3.562831,4.7077985,11.186933,4.562314
6,6,5.9152102,5.930287,6.71095,6.5419636,6.0416417,6.2603946,6.3883886,6.026027,6.1352763,5.58884,5.091788,5.798183,7.7648077,6.5858703,6.8666277,6.25447,6.1208496,8.892469,7.213236,6.157682,5.41447,4.6497736,4.1209874,4.0309753,3.848443,5.0028634,10.209358,5.1140924
5.9999995,5.9999995,5.6445603,5.422414,5.8528094,5.908142,5.7720375,5.628742,5.723534,5.5972238,5.352953,5.385755,5.0724797,5.5822344,7.333641,6.2834725,5.70452,5.703687,5.956688,7.7218504,5.585492,4.657644,4.193306,4.161734,3.791206,3.857976,3.6652503,4.569121,11.446937,4.9914837
5.9999995,5.9999995,5.733138,5.668486,5.9803905,6.314339,5.8493614,5.8333817,6.1554394,5.6490216,5.379075,5.5594034,5.0621533,6.4681444,6.7668366,5.963707,5.64118,5.619299,5.8531675,8.394327,6.3022785,5.534752,4.7294335,4.1122174,3.839098,3.969171,3.8551245,5.093296,10.382261,5.2757654
5.9999995,5.9999995,5.687968,5.66747,6.226213,6.4575524,6.350885,6.5395637,6.45861,6.272143,5.9771523,5.427911,4.88055,5.6300654,7.339472,6.5969954,6.702946,6.34479,6.359475,9.161377,7.0447664,6.154067,5.385795,4.6098514,4.1685824,4.202631,4.2374597,6.1384645,12.7466755,5.0949574
5.9999995,5.9999995,5.745627,5.5223966,5.6869297,5.893484,5.624252,5.636109,5.814234,5.8009243,5.4781127,4.7458205,4.263881,5.433114,8.075762,6.1314836,5.3538756,5.2764935,5.5181108,8.246627,6.2550073,5.379932,4.6005726,3.9424515,3.6246138,3.513945,3.223112,4.0207863,11.123194,4.656948
5.999999,5.999999,5.68379,5.7606006,6.733696,6.925397,6.4110694,6.2874646,6.7145967,6.3923073,5.9963064,6.156297,5.484656,6.196879,7.0122375,6.1129107,6.1475997,6.867349,6.8570476,9.010917,7.2930784,6.018738,5.091361,4.4891644,4.0587954999999996,3.9769316,3.8159008,5.2442665,12.269444,4.7160892
5.9999995,5.9999995,5.6132693,5.436424,5.6604676,6.1870394,5.739331,6.055454,6.0824504,5.7474613,5.411905,5.406008,4.9184237,6.2123656,7.400297,6.172522,5.5945463,5.159975,5.5117855,8.20843,6.193226,5.30965,4.59021,4.1139903,3.737629,3.7089143,3.4267707,4.7323074,10.896953,4.4720693
5.9999995,5.9999995,5.782513,6.0014863,6.355684,6.4337263,6.0830345,6.405527,6.57495,6.2466254,5.8048887,5.5918155,5.2732816,6.0997705,7.4125824,6.1295443,5.676783,5.723228,5.8824873,9.007016,6.8429995,5.9630027,5.453357,4.660381,4.2317443,4.0515385,3.809403,4.962501,10.369272,5.03828
5.9999995,5.9999995,5.825536,5.924572,6.137303,6.419639,6.2719135,6.60464,6.5051575,6.1722407,5.8824024,5.9507313,5.5709214,5.5418963,7.9568367,6.7336187,6.061996,5.907305,6.1256948,8.815248,7.022623,5.9094067,5.0884295,4.491719,4.0897074,4.173436,3.9439402,5.124691,10.248153,5.208986
5.999999,5.999999,5.550752,5.0216303,5.936824,5.9401317,5.806804,6.013417,6.0628853,5.8298616,5.690747,5.264737,4.5425506,7.084959,6.757343,5.6962686,5.8620353,6.055794,6.0408735,8.133667,5.777658,5.003264,4.4258094,4.111664,3.7952728,3.8398623,3.8088613,5.225647,10.298177,5.2351584
5.9999995,5.9999995,5.6673965,5.4724355,5.8705096,6.3539824,6.035092,6.054694,6.131316,5.8904896,5.687274,5.59405,5.0164213,5.3397627,6.3699284,5.784711,6.0115705,6.058529,6.1583285,8.403384,6.195496,5.349446,4.582216,4.1676407,3.7916255,3.7633343,3.582708,4.7197824,11.324369,4.533285
5.9999995,5.9999995,5.4360523,5.4667854,5.6906147,6.227099,5.8796487,6.066646,5.830371,5.623387,5.68743,5.573567,5.1130514,6.733544,6.6545553,5.5721107,5.4644933,5.9084005,5.9845066,8.103994,6.0537280000000004,5.3037663,4.631268,4.20839,3.8809457,4.226285,5.588746,8.671387,9.466787,2.3716805
5.9999995,5.9999995,5.1747093,5.359342,5.905759,5.9075394,5.505544,5.7605267,5.7778473,5.3799706,5.581638,5.307779,4.5723486,5.635364,7.7000217,6.4003778,5.825764,5.4604487,5.499492,8.512051,6.5025253,5.6488504,4.944967,4.254035,3.8053703,3.7091727,3.5041318,4.698048,11.670731,4.8566422
5.9999995,5.9999995,5.984039,5.821938,6.1229873,6.7087274,6.3508353,6.581462,6.22878,6.070254,6.156814,5.464287,5.155443,6.208506,7.418812,6.105813,5.706028,6.278232,6.583926,9.110009,6.968072,6.214793,5.446823,4.7082043,4.219688,4.279777,4.3089795,5.2466273,11.993734,4.9384313
5.9999995,5.9999995,5.944073,5.6589985,5.896539,6.455167,6.336691,6.1703434,6.050216,5.993509,5.976243,5.5805674,5.333859,6.1161537,7.0280657,6.232093,6.477261,6.142354,6.039169,8.735588,6.2817364,5.2758355,4.4793015,4.169901,3.8618813,3.872222,3.6990075,4.6940947,9.809236,5.0045624
5.999999,5.999999,5.8743134,5.841106,5.96303,5.8323064,5.7515135,5.9172125,5.942445,5.6859393,5.3997545,5.0518064,4.204014,5.321548,6.7197905,5.7281933,5.866726,5.774127,5.965238,8.242714,6.228622,5.1920376,4.3939605,4.258438,3.8155413,3.7829728,3.559175,4.4444847,9.687645,5.135999
5.9999995,5.9999995,5.0088987,5.310578,6.2593136,5.67636,5.5061994,5.783834,6.2685695,5.733275,5.6993413,5.4189615,4.747711,5.5584993,5.988077,5.521238,5.289354,5.597538,5.640654,8.374015,5.967131,4.8571587,4.0643806,3.8308797,3.584446,3.7088847,3.4981675,4.435283,11.563665,5.0587277
5.9999995,5.9999995,6.0600815,5.9560905,6.413429,6.0601416,5.99653,6.5753584,6.4490786,6.0482016,5.9190483,5.142261,4.5801187,5.625493,8.38702,7.0679293,6.5208,5.9148026,6.0943284,8.836576,6.358804,5.483279,4.9707303,4.4162803,4.023295,3.967352,3.61298,4.939423,12.590052,5.214913
5.9999995,5.9999995,5.7929173,5.673654,5.9040546,5.783677,5.7020683,5.7717648,6.0568495,5.5329957,5.0384016,5.4624186,5.354713,6.482468,7.141288,6.235881,6.199318,5.920831,5.6889052,8.6064205,6.1070585,5.334728,4.4495573,4.219449,3.9362025,4.1004868,4.229604,5.021202,9.201551,4.7889767
5.9999995,5.9999995,5.5763583,5.481311,5.9294024,5.9100165,5.805169,5.967424,5.9199944,5.812763,5.5051923,4.8320246,4.196011,5.713351,6.9576025,5.698677,5.2915745,5.8155313,5.991285,8.095165,5.9115243,5.219651,4.5198307,4.1513104,3.852656,4.056743,4.481725,8.17358,8.387922,2.919822
5.999999,5.999999,6.674487,6.523332,7.22608,7.3108053,7.2320795,7.3312216,7.314603,6.7136016,6.178401,6.188662,5.47108,6.7626557,8.629923,7.1432467,6.7855926,6.7914586,6.9000154,10.376518,7.7981815,6.6283975,5.822048,5.0413113,4.56492,4.681065,4.52137,5.7262235,14.085758,5.7087646
5.9999995,5.9999995,5.891942,5.7663784,6.1326385,6.4780116,6.1177754,5.8996944,5.9233036,5.696006,5.599622,5.417911,5.2998533,6.871153,7.743325,6.0460835,5.7984557,6.267387,6.496898,8.987907,6.711495,6.153675,5.454114,4.6824856,4.2103977,4.2152534,3.989326,4.9120054,12.270739,5.3204827
5.9999995,5.9999995,5.716732,5.595091,6.163482,6.912759,6.3580666,5.961348,5.854659,5.6138606,5.4756975,5.651686,5.3041854,6.0552773,8.037287,6.804263,6.090892,5.756157,5.773994,8.524556,6.0970755,5.340038,4.6534166,4.3025866,3.9490643,3.885683,3.7084002,4.841858,9.971004,4.8335466
5.9999995,5.9999995,5.26243,5.328078,6.101913,6.1023273,6.2252765,6.4503956,6.3440156,5.980897,5.6921015,5.5382857,5.0024714,5.454558,6.5469365,5.7559223,5.605274,6.5158706,6.839728,8.582435,6.6944804,5.37986,4.506596,3.9330115,3.6792445,3.8995357,3.69811,4.741233,12.526797,5.422007
5.9999995,5.9999995,5.2188573,5.201674,6.088792,6.208665,5.657271,5.6046944,5.8416505,5.4027667,5.301041,5.2392735,4.5144124,5.464371,6.5721064,5.666293,5.4088683,6.0859675,6.1455603,8.138365,5.9711924,5.1502566,4.3947887,4.014846,3.6978316,3.8204584,3.6998568,4.6610613,11.030497,4.5305595
6,6,5.6288905,5.183719,5.3653216,5.7835,5.665489,5.9000907,5.6672473,5.422036,5.176804,5.038175,4.503247,5.201827,6.299504,5.3904004,5.672468,5.3950896,5.3743305,7.693321,5.8791013,5.297311,4.706764,4.073924,3.6514306,3.582437,3.4117804,4.4248075,10.168009,4.234891
6,6,5.755362,5.7042794,6.2190433,6.3084035,6.10436,6.357583,6.279521,5.887768,5.6888022,5.571641,5.4278574,5.6431885,7.4475975,6.1389546,5.9965205,5.934377,5.9706564,8.77457,6.4189167,5.293009,4.484979,4.145836,3.9566631,4.203188,4.3747745,5.267237,9.721229,4.9712934
5.9999995,5.9999995,5.677164,5.811578,6.5748687,6.3050027,6.345136,6.67278,6.5938315,6.0501227,5.54764,5.8096867,5.31543,6.26355,7.189065,6.2018137,6.098934,6.155298,6.251108,9.189145,7.0089817,6.1283627,5.2566986,4.5359793,4.0400696,4.014772,3.8207645,5.060974,12.317224,4.985668
5.999999,5.999999,5.79603,5.638805,5.743683,6.6293488,6.08999,5.8738136,6.1420584,5.76796,5.627448,5.48646,5.1622844,6.2626204,6.8715806,5.884225,5.693212,5.513447,5.764949,8.7454605,6.561767,5.8218846,4.8525434,4.1935306,3.921434,4.121717,3.9817276,4.8899846,10.1571045,5.45211
5.9999995,5.9999995,5.989002,5.780297,6.5254025,6.3275576,5.9537,6.02494,6.218861,5.7657657,5.7380857,5.622789,5.21248,5.9641604,8.542252,7.045637,6.4702888,6.2123585,6.1742363,9.222,7.0387173,6.2872005,5.4099345,4.638203,4.1927505,4.2617836,4.072967,4.8851547,9.960664,5.238056
5.9999995,5.9999995,6.281375,6.04496,6.1314116,6.7610626,6.761033,6.9058056,6.7264175,6.4082355,6.604939,6.1261473,5.3512654,6.4016347,7.988508,6.258443,5.705149,6.4465885,6.727644,9.252292,6.775427,5.495268,4.6422267,4.362474,4.120611,4.3363276,4.340565,5.3022056,12.336529,5.3604693
5.9999995,5.9999995,5.6786914,5.543083,6.0052485,6.1901755,6.1455307,6.248203,6.321792,5.9104576,5.561949,4.981309,4.5306187,5.161641,6.360631,5.6306496,5.173696,5.3538227,5.723536,8.288423,6.0235653,4.9460616,4.16059,3.9054637,3.6862783,3.9343696,3.9086642,5.1164613,11.2705,4.632385
5.9999995,5.9999995,5.4786897,5.335918,5.9945173,6.364833,6.0682397,6.34851,6.3968005,6.028635,5.723811,5.1302004,4.947048,6.238031,7.1414614,5.879022,5.6395063,5.6424785,5.816381,8.613046,6.5582094,5.6749406,4.9745812,4.6248055,4.0814795,3.9773893,3.640635,4.776074,9.860574,4.986528
5.9999995,5.9999995,6.326265,6.109844,6.280113,7.578105,7.1274385,7.028452,6.987866,6.823602,6.553021,5.9987383,5.9115653,7.0230246,8.282124,6.7957544,6.325579,6.808404,7.13577,10.361406,7.6660233,6.57737,5.66288,5.105398,4.745091,4.875856,5.0568852,6.306144,13.344332,5.3913174
5.9999995,5.9999995,5.4023066,5.4158454,5.707229,6.318315,5.6816087,5.521106,6.028847,5.70534,5.3314195,4.8678246,4.721586,5.685781,7.057763,5.8039393,5.579983,5.139042,5.954808,8.037533,6.006888,5.171496,4.5032024,4.088078,3.787807,3.9315314,4.0181246,4.9165797,10.528175,4.706128
5.9999995,5.9999995,5.908487,5.5196905,6.346226,6.5111704,6.4475546,6.385097,6.2264347,5.941571,5.66109,5.6860075,5.9617853,5.8612375,7.801899,6.333862,6.034522,5.920005,6.1141357,9.045207,6.971829,6.128557,5.2921352,4.5518556,4.076091,4.018686,3.9774761,6.011092,11.720961,5.71354
5.9999995,5.9999995,5.9637656,5.598891,6.661154,6.7057633,6.3599024,6.5108814,6.5228825,6.5060644,6.5941277,5.9907384,5.6477256,7.0435677,8.710812,6.621914,5.869161,5.786099,6.0743217,9.43656,7.0915327,5.7714486,4.889159,4.310193,3.9695716,4.060257,3.787909,5.0894976,12.631508,5.506717
5.999999,5.999999,5.527844,5.6281753,5.8783,6.178768,5.953463,5.950623,5.9397426,5.816843,5.8608136,5.3696933,5.0992756,5.5364056,6.877466,5.5720243,5.374693,5.514594,5.717488,8.579631,6.2461686,5.421063,4.895884,4.3181043,3.860673,4.0577965,4.261535,5.384559,11.200533,4.7156587
5.999999,5.999999,6.114872,6.0806932,6.4046936,6.367977,6.232426,6.639815,6.4069486,6.124709,6.0489817,5.8654795,5.4864273,5.7604055,6.4919333,6.0753384,5.5565434,5.4555507,5.9503407,8.833514,6.504236,5.453503,4.617647,4.3580465,4.048671,4.024216,3.8271384,4.802302,9.789867,4.896844
5.9999995,5.9999995,5.404339,4.9902983,5.3188386,5.2627883,5.121883,5.775304,5.6861773,5.448688,5.085015,4.5448174,4.5260587,5.5767937,5.801622,5.1697774,5.1998444,5.771129,5.7974305,7.7468433,5.477068,4.6291356,3.8478274,3.59789,3.4099422,3.36905,2.9800785,3.7813544,10.607197,4.5741625
5.9999995,5.9999995,5.4640236,5.2580557,6.0633526,7.234502,6.969461,6.804933,6.683637,6.559098,6.218827,5.8665705,5.5367017,6.152017,8.823256,6.9692326,6.529114,6.327478,6.5391154,9.512731,7.579302,6.802763,5.9104023,4.9339,4.3801327,4.2505574,3.8502045,5.249358,13.339159,5.510853
5.999999,5.999999,5.667962,5.464447,5.913973,6.0338197,5.663161,5.673544,5.8977227,5.7499313,5.588635,5.121472,4.8224087,6.278071,6.9761095,5.6751685,5.2905602,5.258796,5.5105023,8.434343,6.2015886,5.2523637,4.3321414,4.0425844,3.7307363,3.855114,3.728777,4.696001,11.036565,4.6711464
5.999999,5.999999,5.917205,5.8240533,6.9465547,6.988043,6.417949,6.4729786,6.3639216,6.663331,6.045249,5.5063562,5.073467,6.8248725,7.7641497,6.40373,6.8364034,6.5368958,6.4306974,9.443883,6.907446,5.6409473,4.776038,4.3595433,4.1036987,4.2678614,4.0932946,5.0354357,10.834802,5.5194173
5.999999,5.999999,5.8830733,5.613185,6.568883,7.0698414,6.7860665,6.6391497,6.8879175,6.491251,6.294105,5.842833,5.0398273,5.7884927,8.297467,6.662648,6.184776,6.0293716999999996,6.1200633,9.215343,6.933297,6.0705366,5.2192564,4.4977236,4.0146275,3.9055352,3.413774,4.3309984,12.553025,5.4732194
5.9999995,5.9999995,5.7768435,5.5541444,6.0093584,6.3024764,6.0806203,6.5409026,6.333326,5.996311,5.8456793,5.316396,4.5913873,6.0132003,7.3993654,6.1604185,6.09714,5.919914,5.9123254,8.693649,6.639394,5.71823,4.9528556,4.4178877,3.9739032,3.8934183,3.706873,4.827262,11.20863,4.5118556
5.999999,5.999999,5.569979,5.292896,5.5790353,6.020669,5.663899,5.7138834,5.702181,5.2817807,5.027328,5.0188212,4.652073,5.2299314,6.407704,5.386535,5.338796,5.9055,5.9143844,7.7240953,6.3526077,5.5701528,4.8147664,4.1233234,3.7652102,3.7920017,3.6071305,4.529192,8.873529,4.523082
5.9999995,5.9999995,5.3762116,5.2098002,5.4497056,6.016533,5.835139,5.9551077,5.794279,5.225693,4.775452,4.9240546,4.7104697,5.497792,7.3589544,5.9407315,5.3077846,4.968507,5.421432,7.995549,6.006785,5.2273207,4.56835,4.3180017,3.837861,3.730322,3.446587,4.7086473,10.539499,4.3274207
6,6,5.191076,5.180053,5.896307,6.890141,6.6192236,6.946249,6.953457,6.587122,6.1785398,5.6703386,5.007069,6.1965966,7.83601,6.658689,6.4010134,6.3861184,6.4067416,9.687288,7.266634,6.4316726,5.4515977,4.771879,4.2871084,4.316934,4.079976,5.0733685,12.988137,5.6107345
5.9999995,5.9999995,5.7612944,5.5237756,6.063652,6.189314,6.085734,6.018657,5.8668203,5.5882845,5.568135,5.350385,4.535523,5.4366937,7.439842,6.10631,5.633305,5.413341,5.544458,8.209579,6.6493344,5.3945127,4.5045033,3.963552,3.6248493,3.7833905,3.668477,4.649647,10.897894,4.7000084
5.9999995,5.9999995,5.873313,5.7197185,5.91507,6.417778,6.1808567,6.9344645,6.430769,5.9690757,5.6068225,5.1699777,4.844191,6.224706,7.1619864,6.5911355,6.5332093,6.163649,6.179092,8.663801,7.1092043,6.1074853,5.237499,4.502396,4.0313153,4.0257874,4.0267725,5.9374976,11.102891,5.3223395
5.9999995,5.9999995,5.8849316,5.614563,5.969451,6.721703,6.26093,6.483284,6.6711955,6.4739656,6.1831274,5.6365395,4.9235926,6.343056,8.092726,6.6461363,6.5211325,6.960247,6.8289185,9.295184,6.8620358,5.8274508,4.981282,4.538553,4.1454563,4.2459207,4.11513,5.501354,12.658168,5.2167673
5.999999,5.999999,5.630811,5.284922,6.2354174,5.9453516,5.4842715,5.282169,5.6631894,5.3674083,5.119822,5.060655,4.810628,5.7272115,5.918212,5.291556,5.1338315,5.7079344,5.7692447,7.8500576,5.752671,5.0051756,4.588493,4.0306897,3.620741,3.5879402,3.3713508,4.208392,9.187413,4.8747916
5.9999995,5.9999995,6.057359,5.773281,6.377949,6.403479,6.2728796000000004,6.7535934,6.614445,6.071496,5.8357058,5.6529465,5.2618375,5.7034283,7.2363863,5.932695,5.7436485,6.3807116,6.6064277,9.200687,7.159375,6.292608,5.6197124,4.8369703,4.349193,4.454466,4.5277834,5.3355646,10.665955,5.5479627
5.999999,5.999999,5.584654,5.1731257,5.8755255,6.3627343,5.9929705,5.8806767,5.9348044,5.698001,5.5237665,5.339545,5.0685086,6.771016,6.792458,5.605113,5.154078,5.7203526,6.008846,8.224001,6.199529,5.4429655,4.6152725,4.0882215,3.6888285,3.6803088,3.5250835,4.6376314,10.926473,4.402677
5.999999,5.999999,5.5233927,5.3765926,5.5104966,6.2787805,6.2038074,6.1872063,6.133762,5.9195466,5.6049457,5.2280674,5.020899,6.125752,7.200164,6.246825,6.2517223,5.8907666,5.9236755,8.649232,6.452504,5.3982,4.6201944,4.1633387,3.786818,3.8977165,3.6891809,5.021661,11.449682,4.866789
5.9999995,5.9999995,5.7831035,5.49145,6.301991,6.4657516,6.4325843,6.5971026,6.3296824,5.810533,5.323339,5.469525,4.6946855,5.8409834,6.488222,5.393972,5.053167,6.016302,6.410093,8.649662,6.5816936,5.2355514,4.388247,4.0227065,3.7110577,3.6482177,3.3609147,4.265771,12.332961,4.9415016
5.9999995,5.9999995,5.46066,5.3610387,6.0347323,6.1956115,6.0692677,5.945286,5.643285,5.5774145,5.923636,5.402801,4.717679,5.813502,7.83337,6.0627437,5.6275735,5.541966,5.67546,8.462342,6.306982,5.2712073,4.6385407,4.0691648,3.7378736,3.904282,4.0553703,5.1992936,11.3960705,4.9085736
5.9999995,5.9999995,6.0626597,5.724975,6.029435,6.6735024,6.5893993,6.7031827,6.534494,6.2599463,5.9852796,5.5983367,5.2042084,5.898454,6.5542116,5.7900476,5.7802653,6.4191236,6.593897,8.842703,6.653523,5.533539,4.7018104,4.1861963,3.8746085,3.9880905,3.890335,6.1522174,12.723456,5.076374
5.9999995,5.9999995,5.8556557,5.5008235,6.850091,7.375104,6.92699,6.7414217,6.940666,6.4543,6.366436,5.947133,5.8420258,7.085556,7.5112267,6.212033,6.2520256,6.5865293,6.7090707,9.353268,6.789183,5.860831,4.9700246,4.4955025,4.145126,4.2421184,4.0098414,5.0345054,13.149599,5.6639094
5.9999995,5.9999995,5.8471627,5.630935,6.351987,7.0564346,6.2041216,6.030198,6.308708,6.3392916,6.3655057,5.6658163,5.459694,6.1166296000000004,7.2455263,5.933155,5.7399583,6.209331,6.4140224,9.105445,6.735807,5.5613594,4.731861,4.2649164,3.9372973,3.8819041,3.7448645,5.1123977,10.555253,5.0034575
5.9999995,5.9999995,5.552866,5.2978806,5.5336018,6.403112,6.1018457,6.508578,5.9438367,5.777652,5.6212573,5.3266034,5.01788,5.5734167,7.1634073,6.1611953,6.0915103,6.010062,5.990185,8.860603,6.575041,5.7358,4.860313,4.3624773,3.9978566,4.2311525,4.34431,5.8280206,10.840248,5.538845
5.9999995,5.9999995,5.8871546,5.905536,6.058195,6.285072,6.0872045,5.9386525,6.2545686,5.8347507,5.83282,5.516303,4.6569266,5.384642,7.3180056,6.266115,5.8655405,5.725993,5.7806106,8.540176,6.532166,5.787517,5.114151,4.456221,4.070322,4.3449244,5.6426907,9.4574175,10.247198,2.5140436
5.9999995,5.9999995,5.9677105,5.8146367,6.0321493,6.5308666,6.330038,6.3415956,6.4270577,6.404646,6.17646,5.552273,5.4084206,6.2865276,8.443395,6.733655,6.1665683,6.166319,6.2493687,9.22036,6.9010873,6.1384125,5.289146,4.6695156,4.238394,4.374199,4.472616,5.423351,10.527746,5.5356226
5.999999,5.999999,5.71772,5.6525254,5.7823305,6.955105,6.3414793,6.0785165,6.000267,5.980811,6.0556774,5.655403,5.4250097,7.4879,7.8510933,6.480922,6.698945,6.329815,6.402339,9.445364,7.137991,6.3856206,5.429561,4.665809,4.173846,4.1424036,4.0900683,5.8619657,11.597342,5.8079524
5.9999995,5.9999995,5.902484,5.8423038,6.34686,6.3502874,6.1762404,6.037233,6.126847,5.853694,5.5001054,5.2750754,4.84002,6.1317234,7.671529,6.2364054,6.5798283,7.2090635,8.99392,8.764591,6.3415146,5.615888,5.024521,4.392066,3.8981853,3.9002662,3.9311247,6.0977163,12.506661,4.9602222
6,6,5.2830005,5.397171,5.995796,5.934185,5.7784247,5.9406033,5.974587,5.817224,5.537763,4.9980435,5.283135,5.8512716,6.5710697,5.480437,5.208081,5.793293,5.981362,8.147257,6.2048087,5.2819347,4.622186,4.1910276,3.7375698,3.7121282,3.428815,4.5258927,9.370636,4.8243423
5.9999995,5.9999995,5.0307217,5.405313,5.9274116,5.8151064,5.834562,6.140446,5.8931093,5.550271,5.1624126,4.9900446,4.33656,5.1825175,7.6451797,6.3623323,5.599507,5.4456744,5.3658476,8.074228,6.0524464,5.1891465,4.417429,4.006231,3.6723995,3.7788458,3.6527452,4.5851593,10.669219,4.596755
5.9999995,5.9999995,5.943984,5.76502,6.6276736,6.457807,6.23433,6.455531,6.7251005,6.1387644,5.90692,5.977038,5.561741,5.9014173,7.215905,5.9768953,5.773051,6.116973,6.286773,9.285604,6.7702107,5.7099633,4.724443,4.36177,3.9598346,3.8169513,3.543089,4.6548347,11.964209,4.724409
6,6,5.7046075,5.5914845,6.0037766,6.2601905,5.743962,6.03537,6.0232277,5.5654755,5.469174,5.3429627,5.0005765,5.6396,6.527716,5.856405,5.774176,5.5831194,5.729498,8.532408,6.6708813,5.907029,5.158267,4.439553,3.989201,3.980002,3.803831,4.965743,9.850924,4.864956
5.9999995,5.9999995,5.8419075,5.4868684,6.1554055,6.688468,6.543817,6.4272356,6.2980747,5.9815083,5.678358,5.8046465,5.081104,5.851462,7.6980247,6.1101594,5.889634,6.552657,6.585742,8.932058,6.8100405,5.9154077,5.1499505,4.440267,3.962572,3.895391,3.7345839,5.119534,11.940624,4.6810017
5.9999995,5.9999995,5.7927985,5.843276,6.4396887,6.6644154,6.3007216,6.3454866,6.188171,5.8992434,5.418036,6.165056,5.5897236,5.842812,7.203313,5.958603,6.0791698,6.575107,6.6138573,9.047968,6.58065,5.802974,4.9642076,4.4890976,4.058908,4.113653,3.8833747,4.8509555,12.546067,5.5102305
5.999999,5.999999,5.6919794,5.393534,5.937226,6.110915,6.029968,5.876231,5.801119,5.5051,5.542915,5.285643,4.836869,5.5053105,7.2268248,6.1169915,5.962111,5.574869,5.4680123,8.209628,6.136943,5.318546,4.547618,3.9288282,3.6397262,3.7911239,3.6760826,4.6373115,10.936527,4.678011
5.9999995,5.9999995,5.5135727,5.6306562,6.0326962,5.5763803,5.1145787,5.2183213,5.326526,5.3131304,5.068322,4.719063,4.364483,5.000592,6.7615323,5.6869082,5.538738,5.331782,5.1908636,7.4870987,5.798082,4.704754,4.1015716,3.9017596,3.666829,3.7948217,3.9570818,4.8319817,8.515714,4.3173723
5.9999995,5.9999995,5.5055656,5.45823,5.5086594,6.239785,5.901655,5.8278823,5.901981,5.4894047,5.2952437,5.0588584,4.3909874,5.2776513,7.0149965,5.764642,5.3684855,5.191387,5.4827113,8.174755,6.3192782,5.539374,4.8223476,4.1901674,3.7570124,3.691774,3.352686,4.5135593,10.96639,4.8340607
5.9999995,5.9999995,5.9223433,5.6231575,6.5693107,7.3739367,7.002842,7.3284807,6.8472714,6.645738,6.6531157,6.2835,6.1324244,6.4038367,7.756237,7.076416,6.3002496,6.116497,6.5258923,9.766384,7.511553,6.4813733,5.8826156,5.321216,4.5771008,4.35578,4.0852375,5.5075774,14.097193,5.436624
5.9999995,5.9999995,5.3668637,5.3904567,5.390446,6.288796,5.909938,5.7397933,5.5120096,5.461498,5.2631283,5.118688,4.91746,5.2945046,7.251686,6.207517,5.7406116,5.499637,5.585011,8.094609,5.9853754,5.1382627,4.311879,4.048671,3.7564301,3.795631,3.6179695,4.746869,9.367889,4.730952
5.999999,5.999999,5.890518,5.773883,6.2173533,6.7402773,6.7577934,6.700183,6.7069945,6.3683805,6.0243692,5.4422946,4.5758843,6.396695,8.462493,6.662049,6.0879674,6.0478888,6.218432,9.101298,7.3407154,6.2096357,5.204082,4.588367,4.2123203,4.2650175,4.0119853,4.884304,10.802712,5.7626677
5.999999,5.999999,5.943354,5.7367473,6.287694,6.118234,6.4082885,6.6290994,6.276846,6.042761,6.1747656,5.701515,5.3902893,6.087809,7.792285,6.6263313,6.735826,6.2948008,6.1538773,9.227132,6.6757293,5.6253552000000004,4.7195997,4.4670515,4.155881,4.321866,4.2546797,5.5205717,11.905851,4.88867
5.9999995,5.9999995,5.982863,5.995751,6.685805,6.573706,6.207317,5.8337836,5.6372128,5.5116653,5.396392,5.4207706,5.458773,6.0438566,6.6830544,5.8834033,5.788247,6.2261043,6.300558,8.76228,6.576671,5.34988,4.4882216,4.1196637,3.8061419,3.9105315,3.7338896,4.687752,11.305232,4.697871
5.9999995,5.9999995,5.856241,5.6775603,6.194607,6.096633,6.1261992,6.6802044,6.3469167,5.933705,5.6055756,5.677593,5.4792976,5.6696405,7.464363,5.9874153,5.9359317,6.4078107,6.385613,9.197607,7.2802505,6.4795985,5.7454066,4.9806614,4.264967,4.2470827,4.1016464,5.0672812,11.68404,4.996793
5.9999995,5.9999995,5.165208,5.350892,5.607154,5.8733106,5.5909405,5.7540264,5.667278,5.503666,5.2782483,5.0629425,4.649142,5.2985125,7.0598316,6.113806,5.3567266,5.03065,5.2967463,7.868637,6.4195275,5.49859,4.7777653,4.1105256,3.7003736,3.7827063,3.772191,4.473538,10.695291,4.8996706
6,6,5.5849104,5.3350477,5.9243536,6.296734,6.0420923,6.0130267,6.0092545,5.703255,5.471095,5.104636,4.3978086,5.5633607,7.6953526,6.4674077,5.9202404,5.7332473,5.7467237,8.201921,6.004078,4.828206,3.9369993,3.696466,3.582973,3.6911159,3.7489538,5.4827995,10.072653,4.843996
5.9999995,5.9999995,5.683881,5.5279684,5.611068,6.0187945,5.9558945,6.0005484,5.6956863,5.510329,5.3780794,5.221536,5.0194793,5.5657797,6.2996016,5.788312,5.200511,5.083651,5.404308,7.8607044,5.776753,4.8369136,4.2111564,3.8648782,3.683617,3.878683,3.9677753,4.714376,9.262445,4.888854
5.9999995,5.9999995,5.768072,5.848722,6.4255958,6.402854,6.0115943,6.068149,6.151814,6.0575895,5.8661222,5.4371405,4.8876257,5.670249,7.094054,6.065757,5.974695,5.7279115,5.834617,8.598835,6.652417,5.8551917,5.0393944,4.3541403,3.9714713,4.01704,3.903123,5.383509,10.557083,5.3260145
5.9999995,5.9999995,5.64261,5.253503,5.8696537,6.4480376,6.046835,5.901002,5.819596,5.455123,5.26521,5.1253176,4.4513035,5.3430066,6.366069,5.751238,5.8970222,6.175834,6.222574,8.525341,6.5567384,6.022122,5.2594857,4.6689773,4.0557384,3.949822,3.7335587,4.6343713,9.517773,4.8843646
5.9999995,5.9999995,5.9314575,5.745761,6.1343064,5.989021,5.833281,5.8443866,6.0222936,5.7207766,5.3045673,5.0771794,4.652094,5.113708,7.199004,6.021454,5.4489794,5.309676,5.5092716,8.332176,5.8257227,5.085697,4.26791,4.090952,3.768937,3.7023506,3.540018,4.783288,10.879824,4.3701363
6,6,5.8047085,5.653407,5.923709,5.6568074,5.6629667,5.619359,5.6976585,5.4463897,5.2296104,5.020309,4.7136774,5.2395687,6.4417253,5.337199,5.3479285,5.442801,5.6790533,7.9233,5.645521,4.871537,4.13222,3.7327023,3.4837518,3.503016,3.3142018,4.319118,10.879168,4.7029204
5.9999995,5.9999995,5.9168196,5.7672524,6.4333434,6.4701552,6.2736983,6.2198925,6.296864,6.294017,5.9722753,5.36315,5.0355034,5.515276,7.115509,6.9586887,6.5942593,6.147424,6.022171,8.929802,6.8748713,5.6972885,4.628579,4.168102,3.9687018,4.1297674,3.9452696,4.8365016,10.017315,5.200924
6,6,6.1086473,5.8603806,7.0675488,6.674317,6.3031654,6.2144904,6.0417347,6.205972,6.0947676,5.5686736,5.2893796,5.948258,8.340164,6.8042307,6.4441886,6.18635,6.2046733,9.571855,7.2827187,6.0530424,4.983316,4.444673,4.0137095,3.9520082,3.5080757,4.5390534,12.338494,5.138979
5.9999995,5.9999995,5.3798347,5.3642063,5.3169866,6.0184155,5.6698794,5.7061257,5.713751,5.3118887,4.8485746,4.886034,4.346771,5.1733003,6.6769605,5.4067397,5.1909137,5.7099676,5.7096686,7.704959,5.6615233,4.7848616,3.988428,3.786748,3.5131555,3.6266727,3.513237,4.4036794,10.13983,4.3503537
5.9999995,5.9999995,5.926107,5.726281,5.9537673,6.0587087,5.9610124,6.311574,6.602232,6.140674,5.7506003,5.45746,4.9215,5.6918836,7.119583,5.8294024,5.6278176,5.755238,5.8672223,8.643221,6.5976963,5.58224,4.6707090000000004,4.104437,3.8565116,4.063123,4.017244,5.1791716,10.832074,4.644377
5.999999,5.999999,5.71318,5.227358,6.3330307,6.1917,5.732937,5.853043,5.784038,5.5138545,5.2062,5.6147866,5.3608246,5.6665545,7.9128695,6.1739054,5.6834793,5.632734,5.572882,8.300008,6.1558886,5.142241,4.4273963,4.255666,3.913065,3.9994006,4.1557355,5.307769,9.325028,4.567756
5.9999995,5.9999995,5.862077,5.4378743,6.2512026,6.28862,5.837723,6.1673083,6.1247306,6.0062933,5.813873,5.5281467,4.8942075,5.5197687,7.782404,6.3785086,6.0025954,5.5986543,5.702951,8.902789,6.6301327,5.4628696,4.816671,4.307666,3.9048762,4.0077634,3.8767323,4.8960214,11.563563,4.8347197
5.9999995,5.9999995,5.9937587,5.7258596,6.654842,6.7031627,6.1204495,6.1181464,6.226274,5.73638,5.427759,5.649719,5.461592,6.087912,7.8232775,6.456397,5.999529,6.003175,6.112603,9.058184,6.7201333,5.6944065,4.6494555,4.305004,3.951138,3.937899,3.7681804,4.969497,11.825913,4.723951
5.9999995,5.9999995,5.9957976,5.583046,6.1133776,6.812614,6.7365823,7.122671,7.472039,6.716269,6.143114,5.919756,5.4051867,6.412341,8.837046,7.4803667,6.9862676,6.406978,6.4947968,9.311036,7.276842,6.1077995,5.5365567,4.798061,4.250782,4.1979327,3.9965782,5.291289,12.651678,5.055766
