0.0,0.0042,0.0082,0.0117,0.126,0.781,1.8,2.58,3.6,5.333,7.246,11.63,13.82,15.97,20.44,23.03,28.1,33.9,37.8,41.2,47.8,56.0,59.2,61.6,66.0,72.1,83.6,86.3,89.8,93.9,100.5,113.0,125.0,129.4,132.9,139.0,139.8
55.072533,55.072533,41.60143,31.182083,25.519749,26.721893,33.574047,58.052357,66.1456,77.77594,80.97631,91.18114,115.34266,133.9863,125.4912,133.24895,175.59224,225.56294,300.8603,275.72784,222.12326,170.68753,169.56561,140.2395,160.94131,189.03804,273.73056,182.84451,200.38167,308.48468,312.1156,195.12512,50.62485,6.5522594,1.711026,0.5350797,0.1960479
54.913113,54.913113,40.860138,30.323807,24.499434,24.85717,29.500183,50.037304,68.73188,63.257133,77.02122,81.93652,105.11624,128.81258,128.34428,132.67366,186.71669,231.7882,313.59888,247.74303,238.86696,158.383,170.1488,143.55437,159.99199,178.80656,269.45166,168.54448,194.49524,275.2946,318.59335,202.14626,54.110973,5.714205,1.4055421,0.39334214,0.17238045
55.07128,55.07128,41.903896,31.416668,26.164595,25.286364,31.513802,60.41777,60.382637,87.77156,67.788445,85.23623,119.48875,126.84933,112.15001,139.28319,193.90446,191.25468,308.33743,272.75986,228.40898,172.51836,175.34805,136.12079,156.37311,173.5259,269.012,180.67267,210.40343,305.05344,303.48846,186.30022,51.419945,8.454427,1.7369108,0.5761527,0.20550704
54.709976,54.709976,41.51227,31.230198,25.693466,26.382088,31.703682,46.640816,66.70702,68.998055,74.888176,87.85796,115.98151,133.91885,123.58424,135.68172,190.60793,236.80643,257.5193,269.9637,221.71648,167.82681,171.5177,162.00946,135.62965,172.95859,277.4531,145.97711,203.96579,308.74023,326.66733,203.68442,52.39634,5.009378,1.5438583,0.47844982,0.18316424
54.49096,54.49096,40.784912,30.295853,24.407835,24.703175,29.205774,44.016357,73.79044,73.66918,79.77468,91.84859,111.54497,166.2015,128.0201,135.39206,193.24019,239.8423,286.90308,242.05832,232.70442,167.74776,166.24721,132.22333,156.8384,175.057,268.76477,169.18404,179.87286,319.83453,299.4014,191.21426,47.407204,10.220546,2.11087,0.65835917,0.21869111
54.99278,54.99278,41.661816,31.384857,25.970928,25.86693,32.441006,55.09679,57.839188,80.54123,65.85979,85.48145,107.318375,132.55077,124.15907,130.52872,180.03395,228.52432,238.1168,249.09384,216.8773,163.4683,164.04755,158.90916,127.70384,169.82005,270.23288,161.60593,200.78424,308.6558,294.37274,188.45673,48.277885,10.905168,2.1746168,0.67825794,0.2230084
55.166916,55.166916,42.579243,32.411674,27.366554,26.931747,32.101715,52.325005,68.64624,75.31252,77.19836,81.580414,105.420074,127.260284,122.39305,146.99861,190.43184,213.002,256.7233,265.0955,228.30464,168.64175,164.3972,149.35376,163.27313,186.05948,274.4021,176.13664,217.90515,321.91406,308.8327,181.60666,50.914265,5.404788,1.5703316,0.49841976,0.18873799
55.90612,55.90612,43.69289,33.514927,28.589884,28.540909,35.247044,60.805004,61.245567,69.86086,74.059425,80.053986,125.11401,122.73544,112.45494,124.898544,165.7588,217.85901,263.65265,302.26117,225.2614,161.84909,173.91698,134.96362,146.43153,174.56601,271.43094,159.96498,190.7514,306.38242,312.0266,198.92021,56.08759,6.449588,1.4771321,0.49307525,0.18744063
54.824215,54.824215,41.824722,31.510334,26.078194,25.741093,28.647919,41.904408,64.29329,87.87118,69.33303,83.976295,110.82319,132.81863,122.29054,132.91373,182.95447,209.07059,301.8782,238.85828,227.42145,163.22896,164.08911,152.1175,146.24886,173.04439,270.16357,188.21693,203.76259,290.64563,320.94714,200.53423,51.83128,6.746549,1.739944,0.53967404,0.1959753
54.829166,54.829166,40.664803,30.199812,24.498991,24.841154,30.617725,51.9839,67.06037,68.75575,81.03676,98.03272,116.66519,119.40266,119.50213,133.55266,163.34633,221.49844,255.95651,260.79874,215.91492,165.65373,166.19203,157.9478,174.24875,196.44064,261.08774,177.32703,216.51898,325.0438,296.70996,179.21233,51.17674,9.676993,1.7524109,0.5830287,0.20478678
55.470703,55.470703,41.943684,31.538254,26.334791,24.874489,29.063461,49.41022,64.54856,76.95852,76.92053,88.35491,120.105934,149.65288,116.294975,128.75348,183.5352,183.32852,273.69794,270.99612,218.26492,163.40613,171.70808,148.12729,162.93285,172.84648,267.5213,161.15088,180.27098,292.91916,312.6566,190.55695,49.720493,11.009316,2.1736157,0.6838441,0.22488296
55.24362,55.24362,41.843155,31.429802,25.720863,26.709436,32.123318,54.722862,67.14432,73.30299,74.787605,83.74362,111.06313,129.87956,122.56086,138.02672,211.14253,203.49484,276.17538,268.27408,224.64304,163.44,167.92351,175.78038,128.15613,169.88882,265.99622,179.21788,224.58388,304.31995,316.57623,197.83678,54.66266,5.692278,1.6162224,0.5037576,0.18942666
55.491386,55.491386,42.219753,31.903027,26.691038,26.295254,33.473255,61.30077,70.75355,72.39141,75.409805,87.2131,114.22484,114.308334,114.89357,136.87193,186.5154,228.45854,289.58023,263.20114,228.35199,163.37674,173.13843,178.0358,128.34381,169.40848,275.5908,170.93396,189.39607,305.04437,298.28162,197.07094,50.206028,6.240337,1.4708345,0.40026617,0.17492402
54.851963,54.851963,41.953953,31.793999,26.532944,26.304459,30.963354,49.351902,59.47702,74.18291,78.03507,83.92347,103.01911,128.12227,120.71381,123.66108,178.61743,202.95798,262.14563,289.41266,210.23846,167.80756,174.77248,149.46573,142.6978,177.33025,268.07785,168.03471,196.60106,313.95538,310.8665,188.05243,51.14857,7.24788,1.541841,0.5125835,0.19076025
55.382957,55.382957,41.356518,30.85145,25.253334,25.113194,29.945316,54.490536,54.263947,77.26039,77.85088,86.41292,110.958374,123.13897,119.852455,153.384,202.74239,196.85223,292.08868,250.99203,215.84996,166.89778,169.19507,160.78911,157.01707,182.05792,267.53244,173.68376,215.58636,299.87033,314.23633,203.2219,54.944828,5.6968665,1.6114297,0.5048498,0.19060373
54.992622,54.992622,42.436096,32.37546,27.501846,27.381735,33.474304,53.12942,66.88739,73.68008,73.69347,83.57973,98.479225,148.39734,112.75304,141.60794,185.91995,219.58827,291.6605,266.85226,225.56433,165.4074,168.13226,141.6448,154.49257,184.65114,279.7568,145.22632,174.43135,291.24982,311.0395,200.98842,54.199425,5.6786575,1.625027,0.5047276,0.18889356
55.194645,55.194645,42.293148,32.157486,27.03503,26.85502,32.322083,53.43939,70.32873,57.399204,75.77382,82.19156,116.2429,126.45035,123.48668,126.5315,183.3461,209.20483,271.45483,268.24612,228.50777,161.93585,170.18642,145.7055,169.32205,172.92276,273.5692,171.34035,184.28712,307.91983,307.30988,193.54579,48.770954,8.1484,1.8815286,0.58635175,0.2070415
55.75036,55.75036,44.189713,34.333946,30.076345,29.023733,35.352894,58.673477,74.16402,77.33734,62.704388,83.41091,112.935555,141.66922,122.654396,131.25877,200.2592,186.36479,250.34352,245.2751,207.23116,165.62265,160.35928,128.43388,148.87468,174.69228,272.99963,173.37167,214.76581,307.08752,295.99197,194.47037,50.6807,8.866564,1.9615993,0.6078788,0.21033633
55.045353,55.045353,41.523575,31.132954,25.43903,26.253006,32.770836,54.04823,66.8734,71.213104,77.63112,92.12163,113.60701,124.81897,120.029785,133.21092,182.73608,224.70535,283.458,260.96805,239.16348,170.39723,178.52574,139.80215,153.24193,177.97504,272.05872,175.64885,191.04753,325.61548,308.14914,199.87769,55.014786,6.156228,1.6782486,0.5287007,0.19477117
54.928154,54.928154,41.680046,31.451744,26.326933,25.232449,30.701626,50.89664,56.454647,78.552124,79.97607,79.22347,117.923,138.39714,129.5402,130.8672,163.52313,234.14732,314.05014,274.3287,212.96782,167.21144,163.2831,145.83595,146.83328,187.73322,272.701,172.12778,218.08171,309.01523,304.0359,197.57838,49.60778,8.240704,1.8919158,0.58663404,0.20529056
54.819935,54.819935,40.717136,30.170343,24.557974,22.727392,27.398123,46.04902,64.60416,73.96407,81.6531,87.07691,111.71673,138.34276,128.4529,136.31833,186.38516,238.54384,247.79889,283.6298,224.92136,177.15822,167.17342,151.89403,157.76958,193.7756,270.53687,166.68681,193.76065,335.95285,281.83658,191.95193,48.17506,10.31874,2.1209538,0.6613811,0.21914947
54.653427,54.653427,40.564808,29.978786,24.038177,24.053537,27.255486,43.10134,62.686775,82.35814,77.69883,80.006615,103.20131,126.17467,124.86973,129.27661,175.2966,228.6939,297.646,256.6227,224.9456,172.0567,165.66342,148.57468,159.11145,177.67137,268.9265,179.98581,194.87762,306.63654,290.45212,182.48517,51.48123,11.365469,2.2346077,0.70299494,0.22851956
54.97252,54.97252,41.225533,30.679789,24.833591,25.33991,29.589628,47.12559,70.14191,77.66809,79.19131,102.94038,124.87106,116.28836,122.81819,145.19662,194.0324,222.30399,319.4529,263.7372,232.38127,159.05777,169.01596,125.25678,153.04544,174.24673,277.66284,172.42406,211.55057,295.13174,316.46402,176.2726,46.23268,10.0394335,2.0970328,0.656515,0.21835005
54.952667,54.952667,41.337833,30.90924,25.147907,25.732468,31.729427,54.54311,67.507744,63.386635,70.60695,76.77758,109.000534,132.6404,126.395485,129.9114,189.97188,208.60449,288.05112,239.72034,225.79619,170.1453,172.74132,152.42131,163.22098,187.76662,268.6359,198.82336,216.80865,316.8574,308.20294,189.99501,48.629517,10.771308,2.1172981,0.66596615,0.21981263
55.13985,55.13985,41.872025,31.515438,25.91731,27.23214,34.013805,55.237537,62.8226,74.398926,79.14172,92.9414,110.12605,137.85248,125.09176,144.52872,184.36206,254.73378,310.38235,256.51938,229.34409,173.34448,165.86038,136.10014,151.62671,174.35608,272.10233,172.65881,197.29,271.4994,323.41556,197.38004,46.38895,8.979765,1.5308015,0.43579757,0.18235707
55.131042,55.131042,42.423763,32.19263,27.066988,26.378975,32.593227,54.273853,69.6953,75.417496,77.666336,86.81054,114.31933,131.69673,128.85547,146.6171,200.02124,215.72292,292.75607,277.2106,238.22557,167.29768,170.43565,148.24298,171.33057,186.2869,275.71332,162.60492,188.2414,316.77194,302.30875,195.7707,53.065598,7.2820377,1.8058984,0.5623504,0.20142925
55.634415,55.634415,43.390285,33.228386,28.293945,28.168282,33.982384,56.691563,66.2221,82.07645,66.15431,81.56246,113.883766,123.2903,127.00763,138.65274,189.83307,207.02818,307.04156,219.46051,228.2784,159.32207,168.77374,139.83177,159.96996,195.13718,257.65158,179.194,229.88533,260.43396,312.93204,196.90459,53.685955,5.592032,1.6025126,0.49791646,0.18834174
54.573605,54.573605,40.862,30.3919,24.529114,24.850164,29.5339,46.263306,63.36441,72.172455,73.1502,87.037445,109.400635,143.6574,123.47101,146.83878,196.07936,225.88628,308.97043,251.59741,228.51181,166.81223,164.30998,139.29602,152.89236,173.79282,265.26123,179.20415,207.94212,285.20126,308.82,198.34077,54.83593,8.024035,1.6123927,0.5419133,0.1962235
55.108994,55.108994,41.58972,31.152718,25.605206,25.192205,30.957623,49.98393,70.90345,75.06674,74.530334,78.81232,127.177,124.546165,117.39272,135.3301,191.41563,264.22623,250.57927,239.18913,232.0713,168.08823,175.0648,137.48523,146.24591,178.14221,267.81485,176.4221,229.19301,235.62473,310.7657,191.13849,53.72631,6.018153,1.6573808,0.51766884,0.1920141
54.692127,54.692127,41.669086,31.45356,26.216717,25.110111,29.160013,46.286427,65.92549,76.08158,73.88723,81.20734,108.55147,135.30943,122.87139,145.52219,191.29604,256.3102,228.80902,260.05066,212.36058,171.79523,166.31787,141.56158,148.87683,175.91649,288.73337,144.85329,194.79527,288.52692,305.09064,194.26018,51.907562,9.33081,1.7440102,0.58413637,0.20489573
55.061333,55.061333,42.299675,32.16243,27.00652,26.939024,33.5162,54.021435,65.903824,67.63367,74.271835,89.46887,126.243996,125.9301,116.876114,134.68307,162.84889,240.18419,277.32312,273.94983,219.39482,171.71367,179.44672,148.92943,159.56,178.14511,271.86542,182.25723,187.41635,318.2867,309.83673,201.26407,54.483044,5.7379394,1.6314278,0.5072869,0.189991
55.193493,55.193493,41.68998,31.2697,25.557182,26.240906,31.230919,52.829647,63.933594,78.42905,80.97533,89.28076,112.72299,118.07989,123.70091,153.96852,195.89384,205.64487,308.83417,223.89447,226.29767,165.25647,167.29399,149.97067,131.58212,188.76813,269.22968,189.58717,186.2369,304.04636,312.2911,194.63307,51.18852,8.831808,1.7446477,0.5839709,0.20659232
54.74997,54.74997,41.475243,31.070671,25.344967,25.600222,28.720497,41.3176,58.883698,93.02937,73.081245,80.99906,102.60968,133.59103,134.5176,136.2664,180.21991,231.4879,306.4657,266.4765,231.20285,169.04597,178.64871,150.92268,134.45287,172.36826,263.75778,173.84317,225.1529,301.0116,319.01633,193.89583,49.469913,8.269458,1.9025774,0.5949904,0.20734441
54.80431,54.80431,43.31147,31.750519,25.64929,26.058279,30.806293,48.865524,74.889694,61.140823,73.92394,88.63028,105.317154,129.12848,122.222786,140.8558,180.46463,213.39667,307.14862,280.70273,237.87108,174.51836,170.63261,150.67845,156.78029,176.15639,285.4876,152.8556,197.72873,344.9334,302.86594,200.99072,53.934868,7.3625555,1.8174734,0.56763077,0.20270622
55.17431,55.17431,41.340214,30.87589,25.14267,25.608227,30.912086,52.930412,70.44372,69.80767,81.41834,85.02217,113.63509,130.47205,120.01531,138.04297,169.22728,217.91713,283.3166,243.90833,209.91992,164.90721,169.02246,140.51685,161.21623,184.60555,279.74637,154.03444,189.62444,320.67017,298.42078,182.19458,48.006325,10.235435,1.9111922,0.63659763,0.2165569
54.70296,54.70296,41.9239,31.728207,26.338558,26.788803,32.204784,50.974735,65.58305,74.82357,66.43287,84.050316,104.45242,147.9125,125.65585,133.89261,183.63597,230.10002,294.29288,263.28217,217.24872,170.78638,164.29604,155.25858,132.16508,180.90524,275.23605,158.66566,214.56898,301.44162,314.63293,194.25769,52.94705,7.265751,1.3835211,0.49137998,0.1857276
54.635487,54.635487,40.787502,30.334305,24.557932,24.996866,30.88685,49.75579,66.812096,75.88409,67.37883,93.576256,126.94875,137.24811,123.18271,138.75552,173.5388,284.99652,212.8075,265.68604,236.59967,160.90912,173.98746,137.87672,160.38367,176.1989,283.34598,156.19656,179.38976,271.3221,310.17783,187.67807,50.34634,6.583342,1.7106733,0.5269315,0.19296288
55.026863,55.026863,41.096615,30.602133,24.85383,25.308697,31.86979,54.60077,56.953663,77.68633,82.433975,100.50854,115.86542,121.11854,119.56047,135.32802,175.04811,235.44507,303.77475,237.11426,217.48584,172.37733,165.98328,150.07848,161.06639,175.63739,271.58948,179.73572,225.6458,306.34402,304.74332,186.79987,50.35283,8.355187,1.7341402,0.5790912,0.20623982
55.0912,55.0912,42.42461,32.319218,27.387878,27.092464,32.34312,53.15139,68.48308,90.752556,69.07868,90.85934,106.243996,143.12256,117.4235,129.29181,179.6393,232.02655,247.35088,258.78134,218.3302,163.53474,162.78867,151.7459,148.80617,181.00511,264.86667,168.67776,201.99277,300.35147,329.08725,172.09862,48.655155,8.672883,1.9436667,0.60370445,0.20950842
55.744106,55.744106,42.197346,31.773079,26.175018,27.133507,32.96403,58.128548,62.719826,73.4593,74.45168,86.23849,121.97518,134.23854,122.91429,131.63998,184.28703,242.05832,237.26715,264.10153,203.01584,174.88373,173.17363,143.67015,164.58311,198.21877,281.23477,144.15163,186.2511,275.90353,323.4999,201.04593,51.215317,4.892967,1.5344036,0.47928917,0.18452942
54.845222,54.845222,41.417187,31.048515,25.402653,25.678389,30.88178,50.694412,59.3931,74.00029,75.77913,90.48654,128.17418,123.70032,121.80039,143.4451,205.08624,176.35435,269.10626,274.00568,233.17953,173.9213,181.40381,147.75317,164.76338,199.95204,278.52838,166.44678,199.62985,289.37442,313.41745,193.57797,56.038303,5.898781,1.6656108,0.52484167,0.19447923
54.95109,54.95109,41.305904,30.867432,25.08202,25.750683,31.114483,49.20351,54.88718,73.248276,84.80472,89.57945,109.57439,126.930504,116.7992,123.50603,181.25175,199.5344,288.55466,276.0089,237.33806,158.0566,160.56963,135.02899,161.16162,173.87102,269.19965,202.93588,229.9784,276.79358,290.18527,194.4548,46.60517,8.94015,1.5139177,0.4313979,0.18223369
55.34388,55.34388,43.675056,33.59646,28.85418,27.228466,31.301594,49.673088,67.43454,69.053085,78.019806,93.33021,108.86896,134.24988,120.11235,136.63272,167.15874,283.499,243.66708,243.99362,227.96057,168.96255,166.55605,148.56285,156.81467,171.58336,277.5908,169.14119,185.99991,304.02264,291.18613,189.29294,49.4738,8.207583,1.6972783,0.5629182,0.20180285
55.113567,55.113567,41.77833,31.460682,25.85363,26.954157,34.107338,54.728893,56.29203,68.04529,73.808205,87.595474,103.601456,134.71313,123.4554,129.66376,171.51662,216.78134,271.98868,270.3497,208.92018,162.66025,166.41803,129.57126,157.09659,189.67651,272.153,176.68396,178.0125,277.81342,307.87802,197.66002,50.374626,6.5499315,1.7150705,0.5316708,0.19428587
55.70267,55.70267,43.214993,33.10528,28.33616,28.306221,35.32247,60.14484,63.10061,75.553246,78.21372,101.08174,113.567505,128.17104,123.18124,120.77464,166.43216,234.38066,288.63968,278.30283,235.54701,164.09714,174.56868,143.93378,159.74591,189.3967,285.31824,138.85426,200.90723,298.33,311.65506,196.50044,50.50897,6.39404,1.5051532,0.4933884,0.18626964
55.536575,55.536575,41.97999,31.631233,26.355955,26.351702,32.72382,59.263187,60.350792,72.27661,75.78792,100.73964,113.49339,127.2558,120.67237,134.79886,176.91704,211.4912,263.0164,264.90408,224.5512,168.4154,161.48515,139.02576,154.97682,182.87729,265.81866,182.22272,200.02774,315.68765,318.61435,192.88113,51.09634,9.1778,1.7107763,0.5798087,0.2052455
54.700043,54.700043,40.843105,30.343536,24.491138,24.721865,29.64463,48.025738,66.88363,72.8851,76.75715,101.201256,110.20011,127.09384,126.19238,133.70222,189.19243,239.06194,292.04758,255.70554,233.11646,163.26532,167.11209,138.56221,157.38937,177.2839,266.84854,180.85408,222.83488,266.88568,328.02713,203.26077,56.23221,6.2189794,1.6751399,0.5261328,0.19355261
55.088097,55.088097,41.428543,31.042027,25.34182,25.909021,31.223366,54.88574,59.49294,75.75694,76.04557,99.427635,111.224785,126.65512,120.32234,123.2324,159.8383,213.17381,294.38205,248.74553,214.88809,163.3641,161.44914,134.5267,155.6386,172.01387,271.01596,169.39523,190.2482,303.78174,321.24832,203.22054,52.744034,5.139759,1.5668333,0.48827958,0.18586779
55.386963,55.386963,41.90005,31.518753,25.905321,27.085033,34.407017,63.538322,69.20607,71.99709,79.026634,84.86055,102.17416,130.64606,112.62115,126.19645,161.25089,226.30048,293.83142,268.11057,221.56677,165.06702,167.1201,138.73528,162.35765,174.97139,283.79868,170.30098,180.30444,296.42505,314.28772,191.76515,47.820457,10.196962,2.0948062,0.6520506,0.21695566
54.52905,54.52905,40.891678,30.490685,24.708946,25.29368,30.186388,44.92446,67.93078,68.41443,82.33727,97.705444,119.71676,111.84693,117.62663,150.9694,193.81407,247.96945,215.9294,246.07024,220.96669,171.61661,165.78012,142.95648,159.81001,179.12056,269.03787,182.1055,216.87814,300.53128,313.25974,188.34447,49.67959,10.949136,2.145585,0.67559147,0.22192419
54.72855,54.72855,41.977898,31.687206,26.31556,26.67438,31.487324,47.20717,62.042183,76.932236,76.28485,86.122955,123.80888,140.00877,111.925415,131.14674,167.85933,242.78377,294.5579,265.49277,228.9782,169.6761,165.8055,156.9178,126.24587,168.86469,272.33215,187.55486,226.8123,328.8174,275.24597,192.2229,48.944134,9.881245,1.782064,0.47644448,0.19296992
54.880142,54.880142,41.697754,31.420254,25.920895,26.838139,32.31954,52.209145,72.736755,78.658325,63.016968,86.884476,116.38108,113.944855,120.95177,139.15092,189.38199,210.81602,330.72745,260.04007,228.21008,172.67581,169.32042,141.45326,152.33105,180.08913,279.45108,155.9806,209.12527,316.98672,283.574,180.70612,47.12295,10.595723,2.1142745,0.66446424,0.21952164
55.08088,55.08088,41.33247,30.816158,25.055822,25.612814,30.277733,50.573044,62.712284,81.821884,77.44683,97.24177,107.363365,138.7496,121.58633,130.56084,162.83296,224.67146,265.90152,259.7154,229.07603,168.42932,169.11937,141.65128,157.38423,180.57326,261.81207,177.9595,191.62173,293.78363,314.9909,201.0412,54.05679,7.5964212,1.5922291,0.53874624,0.19822001
54.788452,54.788452,41.29019,30.883057,25.421745,24.608624,30.577913,46.621876,73.07281,69.268906,76.5326,87.71799,123.92684,142.97247,119.46939,129.87595,189.0241,242.09146,244.07481,247.5244,229.87883,173.42514,169.3867,131.58713,155.08865,172.14658,268.32483,179.91591,201.15395,295.1086,305.1512,194.08978,53.511368,7.668044,1.8257868,0.5796796,0.2055111
55.386402,55.386402,44.48466,32.17749,26.00908,25.285107,30.735884,51.149517,70.72005,81.58991,63.741043,87.153206,114.72585,140.37494,120.192986,123.56102,181.06535,221.54375,283.95895,256.92108,224.25755,170.40982,163.36449,147.28413,161.12341,178.37248,272.0181,175.20844,204.12985,264.89645,317.88397,192.53697,50.753986,4.660243,1.3107219,0.35904825,0.1625861
55.233086,55.233086,41.348663,30.86298,25.072882,25.49564,31.59016,54.69627,67.56638,88.77627,67.035835,77.81265,113.24362,129.27014,115.162674,131.50337,178.22885,286.03812,254.47417,264.13214,239.24059,161.18544,167.1007,147.42448,160.48613,174.82948,277.78192,161.48306,178.74579,298.78424,329.62015,203.78165,55.043934,5.764986,1.634489,0.5116925,0.19137621
55.17613,55.17613,44.380848,33.10439,27.672039,27.872677,34.51294,54.559505,62.059017,70.99589,74.92937,90.56143,107.869736,143.92133,121.18196,151.65488,187.05937,232.98097,290.37613,266.55765,242.62387,156.29839,165.7977,157.86075,161.80623,195.79417,269.60428,163.06569,201.37135,339.12585,294.85825,197.74074,51.11859,4.8893356,1.5309114,0.4741373,0.18244267
55.04885,55.04885,41.487083,31.080532,25.487408,25.891922,30.446083,52.879246,64.871544,73.25582,75.398994,81.66871,107.71401,135.96205,125.30592,136.40295,185.7993,216.4074,284.48297,282.25095,235.86417,172.76659,167.98666,133.43074,149.57266,180.99306,283.7498,191.48152,183.49664,306.40558,310.80997,196.68484,52.414154,5.166583,1.5671628,0.48643672,0.1853286
55.484547,55.484547,43.07979,32.83376,27.790335,27.019388,32.021664,53.97504,68.54754,71.90818,80.14397,90.484055,124.78041,125.08936,118.17977,142.8548,183.51004,263.8418,274.0024,234.23311,219.91995,170.07364,166.49661,162.61366,138.68744,185.35358,283.02432,154.05292,184.77715,298.76007,311.0365,194.57999,48.544586,8.060054,1.6803794,0.5558728,0.20001948
55.82041,55.82041,43.152,32.877815,27.832304,27.288303,33.09973,57.300816,75.3238,84.65163,63.815025,84.31213,119.09652,120.13239,120.24617,142.20747,201.41132,243.40063,220.58017,254.90933,225.56834,162.9491,159.5002,122.90944,150.68735,181.95374,281.12082,156.0563,210.07549,280.32916,311.1904,193.74217,49.298138,8.191025,1.8799298,0.58134174,0.20366466
55.38605,55.38605,42.92326,32.613525,27.383783,26.830526,31.31025,51.18634,75.211494,63.842003,75.5539,97.97456,106.9586,125.6102,119.954384,142.39934,175.52373,207.95486,278.66507,275.65103,243.95517,165.92947,165.80225,151.07243,163.59814,173.80266,269.73654,172.63248,231.68431,324.32025,322.3677,191.9109,48.268047,7.704282,1.4126925,0.40863907,0.17594695
54.946102,54.946102,41.55738,31.312927,25.810411,27.176992,36.326332,61.994976,60.324852,71.821075,71.06032,80.445946,119.7858,137.62372,127.69566,131.03029,180.70213,228.00076,270.63852,274.43835,229.54868,170.09682,164.0559,133.21796,153.84848,187.7693,282.32648,165.19853,198.08601,274.47174,323.94986,196.95724,54.486538,5.81584,1.4059107,0.47659147,0.18334389
54.646683,54.646683,41.392235,31.127472,25.725925,25.852201,31.784012,51.799828,73.51105,67.60922,72.09294,84.08577,108.852295,138.27469,134.9393,131.02423,184.6653,209.52213,310.14578,242.5248,218.13887,171.35588,164.87338,144.13274,158.54146,183.4583,271.06937,183.6306,194.35817,268.05255,317.2006,198.35437,52.04428,7.121542,1.7657447,0.55018735,0.19710791
56.253494,56.253494,47.10906,33.32098,25.451014,24.25143,28.386024,46.89954,67.02163,74.75061,78.95938,89.11844,118.50613,141.2516,120.596924,136.9871,185.15144,205.70114,296.23706,265.16312,235.5823,162.7733,171.19511,133.01964,147.55144,170.67868,268.57782,199.55008,204.32832,286.2935,329.10846,173.40851,50.08509,6.958025,1.7498791,0.54093015,0.19605684
55.199013,55.199013,41.570908,31.104908,25.319784,26.011824,31.327724,51.698486,62.280266,72.77987,79.044235,85.45708,126.05096,132.58498,117.988235,132.7195,167.35997,226.76898,301.5478,279.46286,221.5305,169.81786,171.00563,131.99953,151.19174,177.16791,280.31815,155.63023,184.63289,301.7101,313.23157,201.3807,54.17229,7.5391397,1.5687304,0.52594435,0.19397056
54.90957,54.90957,41.31897,30.872303,25.11663,25.683826,31.217934,51.140476,61.048203,80.219185,80.622025,94.8248,117.61107,139.6293,117.749886,143.50351,181.23141,233.9615,306.60312,274.47937,212.95251,169.73122,173.29478,142.09409,155.56386,175.44392,272.5542,175.98003,231.16466,308.59094,295.41754,197.55113,52.113693,5.1006064,1.5609691,0.48462248,0.18521535
55.79847,55.79847,43.587048,33.38448,28.401182,28.136457,32.282463,54.581238,59.2619,71.23825,76.68422,88.56619,100.677216,139.61656,126.8261,142.19914,213.62958,213.66039,268.47256,268.43515,222.24521,164.19044,164.82971,158.97469,128.48653,168.99716,270.78983,163.63458,205.088,315.89703,311.97156,193.38657,47.94815,10.019226,1.8531046,0.6162418,0.21198845
54.905724,54.905724,41.15371,30.745699,25.108685,25.192469,31.618752,53.095436,69.09843,63.838264,74.200874,92.56704,123.88408,129.98221,122.72902,133.33725,189.79112,209.39447,330.85513,234.64682,229.44693,167.6473,175.69553,166.51953,128.35503,171.37602,269.22064,172.0318,203.70235,295.35693,317.88443,199.21098,55.55715,7.929325,1.8643594,0.58646226,0.20569742
54.63718,54.63718,41.58442,30.487352,24.387028,24.70598,28.522408,43.01338,62.47761,84.3394,79.56969,86.06124,122.67922,135.36806,125.74962,135.7855,167.09871,247.43826,300.19775,254.89554,206.03456,171.66098,165.492,142.82098,166.55684,179.04251,279.49146,188.22108,200.0129,293.08588,306.87164,193.84119,51.891953,9.306294,1.7328148,0.5791241,0.20429397
54.746647,54.746647,41.262737,30.90538,25.422876,25.295954,30.127665,48.750717,68.785065,68.852585,81.56077,98.515755,113.881516,116.296364,118.38419,141.47514,194.8173,215.34142,243.50217,267.3008,218.61891,163.43546,168.845,140.60866,155.65704,185.40733,285.2163,153.21823,180.75134,281.89285,328.8311,200.43076,50.295563,6.3959017,1.5176077,0.50032055,0.18789196
55.20906,55.20906,42.685535,32.590565,27.649628,27.261366,33.397255,54.989902,58.80001,73.25132,75.21717,89.55406,119.06594,142.34862,121.89629,134.45674,169.79741,233.786,271.36835,252.79034,230.53416,169.27283,163.85477,152.55739,157.17865,173.59207,278.85968,149.69844,196.01642,279.7947,316.86847,189.96196,51.028458,11.826789,2.2387295,0.7084346,0.22793508
54.710854,54.710854,40.8739,30.4053,24.6193,25.06589,29.851374,49.86322,69.2618,68.94484,77.92284,103.814095,106.303986,121.97741,123.73821,134.81635,203.23242,195.11258,253.62892,279.61575,221.71338,170.1834,164.14531,139.6326,165.06093,197.60878,270.08377,167.84596,179.96603,284.5753,295.91055,183.10214,48.98476,10.492895,2.1619422,0.67737055,0.22300804
55.541103,55.541103,41.84524,31.330513,25.57159,26.036692,31.071762,53.34049,71.01803,71.85556,78.55022,92.89366,119.86115,142.88353,119.86058,142.02567,167.59294,240.74512,287.69824,258.60413,246.57675,163.32579,161.81291,133.28499,152.71504,182.65787,278.08862,155.19653,199.55736,293.9948,310.44266,198.88284,52.004063,6.6731653,1.7125757,0.53512,0.19626653
54.67553,54.67553,41.41312,31.088108,25.517382,25.293531,29.440004,43.67001,59.35778,73.21365,71.64119,85.48264,104.33502,135.24281,117.546555,137.17152,167.76933,214.00868,274.88922,262.41254,234.4772,167.30916,167.63106,151.13943,162.38322,185.48495,288.58032,123.71376,183.72412,290.6911,316.0305,193.44766,48.924862,10.252854,2.094148,0.6523248,0.21755862
55.092323,55.092323,41.18166,30.74728,25.119383,25.011698,30.113955,49.96906,66.107445,62.807697,71.891,82.90208,116.38375,118.32334,120.43549,117.9221,156.1429,209.46461,278.1879,265.9014,229.37727,174.83493,167.11015,141.00793,163.30879,173.46997,273.96042,179.742,204.50002,296.08093,324.50784,205.54636,54.320816,5.800436,1.4217255,0.4765966,0.18289447
55.190945,55.190945,42.062946,31.803783,26.460026,26.698202,34.067844,55.77309,75.68177,89.2666,69.36487,91.05722,122.889824,118.49432,123.62132,126.63791,160.2134,212.56886,295.55524,266.58954,226.86295,173.86209,177.5507,146.16708,159.92699,177.54756,283.30722,145.1171,168.92584,278.3698,322.57898,196.56732,51.543655,9.0091,1.9909134,0.6218866,0.21275079
55.20893,55.20893,42.136513,31.963879,27.052122,26.479162,33.6928,58.009007,74.267555,73.00495,77.1408,82.50777,121.46352,118.486595,119.3611,163.32986,180.26418,210.346,304.0024,268.1112,231.78345,157.09969,167.01913,134.66798,142.40709,172.85443,272.96527,171.9808,216.07466,308.11035,319.60803,198.29353,50.24515,6.434759,1.689224,0.52222073,0.19145226
55.07171,55.07171,42.213608,32.010628,26.690615,27.149683,32.951267,52.328426,59.47849,85.135956,67.80674,87.05651,104.29675,127.38484,127.13844,137.28365,184.02075,235.24614,257.7072,262.3136,204.8848,167.08546,168.09879,149.2424,168.5849,175.99919,287.53555,133.98096,203.18022,309.8277,310.13242,191.6651,47.065163,9.702771,1.7771566,0.4735278,0.19184458
54.765892,54.765892,42.09528,31.996864,27.054407,26.817778,32.0672,50.099922,69.787315,83.357025,67.14188,98.07122,128.27536,113.52223,120.81356,139.52742,193.82828,215.9867,273.51318,258.81326,217.30888,174.5192,164.80893,136.49385,162.39085,177.82472,271.39703,154.38457,185.60336,305.91202,326.09335,204.24745,57.13409,6.550536,1.4952137,0.5013474,0.18885577
55.083443,55.083443,42.89961,32.891598,28.054842,28.723013,35.87687,58.498318,55.46594,79.63214,82.07838,103.771576,113.45639,134.23073,127.79083,137.31827,193.24805,238.9475,251.66486,261.05716,232.95876,157.02077,164.07407,135.13774,160.68939,193.7459,260.45578,171.01285,220.2146,258.8741,307.69778,188.04622,50.06204,11.695201,2.2280436,0.70365274,0.22613406
54.96115,54.96115,41.376945,31.055466,25.468199,26.553484,34.633343,59.712074,69.415115,60.588505,67.787094,90.73641,106.307724,126.64424,132.2959,127.63333,172.27484,225.67564,297.83313,267.02576,220.01901,171.71252,171.84756,160.16965,131.45404,171.59966,273.54144,171.82959,174.91997,306.06485,303.5783,194.6366,51.193665,8.898138,1.9509661,0.61343706,0.21137834
55.344147,55.344147,41.960808,31.590698,26.186533,26.349243,33.458397,58.529274,72.02846,66.087326,77.45248,86.90778,114.73413,134.57266,121.70955,132.16579,182.72446,233.75139,278.05057,254.35605,232.03165,168.10501,166.27959,139.16965,160.4039,174.99011,272.5832,170.21417,197.2496,284.56384,318.30115,189.16513,47.642323,7.617613,1.4042945,0.40539742,0.17429054
55.160168,55.160168,41.61174,31.217213,25.547487,26.271149,32.206245,53.546978,63.21952,68.49888,81.58853,83.30307,102.21573,134.92978,116.705376,133.35782,176.70616,246.82494,328.13998,253.64775,238.40144,166.85272,174.0175,141.1021,117.61559,168.91013,270.3806,181.50569,189.46988,336.26114,306.85593,192.27461,46.124886,9.047913,1.7156296,0.45739317,0.18819237
55.287567,55.287567,41.004868,30.502983,24.79738,24.96322,31.801914,59.474194,61.023327,66.43004,81.07303,91.06038,108.827576,136.39633,122.4608,140.2777,177.62045,212.78426,312.15356,223.88483,228.80927,155.592,165.09814,136.0379,169.21341,173.73991,266.49564,186.56699,216.93686,326.44336,293.54883,190.48991,52.191055,7.1188145,1.7549763,0.54706097,0.19787192
55.098934,55.098934,41.466938,31.025646,25.393494,25.57097,29.96703,48.600605,64.56253,69.836914,73.37442,82.52183,114.44955,152.65656,125.62397,141.85555,197.85432,222.55563,252.33755,240.83438,234.72528,167.45303,175.40508,140.94966,154.1717,172.83272,274.93607,169.4539,193.22636,321.73502,303.7431,188.55511,49.02686,7.622634,1.616957,0.43793964,0.18431199
54.73022,54.73022,41.096455,30.661533,24.850965,25.27483,30.137836,47.54136,61.885853,75.17564,78.95367,87.58018,110.37039,131.0954,121.95848,135.77142,198.86662,201.13554,266.6891,261.86133,213.41293,164.9858,169.67513,141.17862,154.3891,175.30962,270.17056,181.90034,186.58498,297.01578,309.65714,196.54124,50.4712,6.433348,1.5136514,0.5000857,0.1890471
55.871716,55.871716,43.382183,33.200397,28.313648,27.840033,32.50209,55.017857,75.185585,74.961525,75.99878,73.6401,111.23254,132.34796,122.839035,141.02333,193.19359,207.88593,276.08777,265.15448,227.76666,148.90512,155.69223,121.438995,151.82895,171.17401,271.3208,175.7501,196.47021,303.9303,299.79028,191.45592,47.25233,10.147681,2.0954235,0.65564775,0.21854937
54.70729,54.70729,41.130856,30.588259,24.711988,24.597301,28.438555,44.619114,64.84051,75.94629,77.97125,86.42718,130.71286,118.825096,118.41209,141.10794,195.45,218.43071,279.48517,289.97208,251.92546,159.00894,174.70761,137.92667,152.18556,172.11406,266.8092,176.98662,210.47977,295.1117,316.0338,195.95949,54.117336,10.050409,1.7972319,0.4932605,0.19683754
55.149998,55.149998,41.52583,31.18737,25.62147,26.591684,35.36512,62.124905,62.852314,71.917114,74.16846,96.50192,115.4555,142.38936,126.97529,119.00109,165.75699,242.51772,262.64337,273.78113,235.89749,162.22739,169.91977,135.28902,153.72876,178.96346,278.62,152.26996,199.32843,301.65515,302.52142,188.78322,48.452183,10.075873,1.8517249,0.6114825,0.21028852
55.2489,55.2489,42.953064,32.96571,28.204426,28.274977,35.125637,55.202633,70.36207,70.322266,72.42403,91.71298,110.01383,126.48572,127.565765,134.22113,181.0861,205.48769,271.09442,248.68217,210.064,168.10324,163.23328,142.87611,162.47244,181.81934,292.0054,170.1327,174.97517,323.2156,311.78522,199.34132,51.008305,6.6081576,1.717493,0.5338894,0.19569457
55.335983,55.335983,41.438072,30.976616,25.394028,25.511337,31.38805,53.701683,65.42814,73.363434,81.04736,80.91399,119.2533,138.38615,116.488525,132.20815,170.25803,236.54417,262.66287,235.63365,221.10602,156.04028,177.76122,133.97202,151.85242,172.54053,278.26605,172.37196,201.3011,286.9808,320.67462,196.24324,50.081768,8.859686,1.9637475,0.6185912,0.2116952
55.30155,55.30155,42.122215,31.86316,26.555962,26.799204,33.107544,58.506,67.55542,76.47387,71.119545,88.93904,113.87959,124.26529,121.42784,140.70972,187.48662,235.20403,290.9488,242.20706,246.53708,162.65776,169.94276,138.5095,151.63559,173.42422,277.0032,191.04735,184.56245,289.47525,311.5917,195.98721,52.875828,5.57551,1.6116455,0.5018939,0.18907309
55.71297,55.71297,42.517365,32.156685,26.575224,27.726421,34.698196,61.23556,61.90283,76.671875,81.47539,91.36549,107.538895,148.90477,117.40685,144.8461,172.12273,270.9363,231.92499,254.48868,243.16882,163.1957,166.4047,137.84036,140.26799,174.91165,269.95416,182.54958,217.00192,341.93442,288.0161,196.25555,51.8893,7.109109,1.7758322,0.5500294,0.1985457
55.30429,55.30429,41.60024,31.17387,25.505152,26.241104,32.751717,58.067593,67.911316,66.88036,73.742775,85.70446,106.97611,129.41365,123.159744,138.92157,199.87692,231.82861,219.13968,274.04645,233.10205,166.65747,168.46371,136.47197,164.7158,193.0776,269.85046,169.13503,224.11916,281.22885,314.62424,197.2379,55.028835,6.1270604,1.6589336,0.518914,0.19288051
54.814636,54.814636,41.29247,30.929056,25.242813,26.007277,31.171005,48.927074,75.85466,67.509605,70.80813,81.7953,115.19458,129.394,132.8744,136.5214,176.79677,241.60072,246.04442,253.8303,219.90552,167.52695,178.35684,167.6563,160.84229,186.5475,279.56717,178.3346,212.4597,318.29428,309.75806,202.64613,49.66189,4.193557,1.2749906,0.3541981,0.16228545
55.42949,55.42949,42.249866,31.954834,26.852034,25.664461,31.690887,57.288696,78.2609,79.135506,67.931244,87.79095,103.51565,140.83687,117.92414,134.07452,178.99657,234.41612,295.64447,271.66537,213.40793,171.1278,160.87485,132.39775,154.00421,176.03598,271.69037,208.22276,201.90926,316.13388,302.63837,195.24625,49.14621,7.940818,1.608542,0.4356954,0.18338871
54.96854,54.96854,42.196102,31.901684,26.57656,25.60454,29.108234,43.591087,68.65733,66.09334,78.05516,80.187744,110.80517,148.97755,127.287735,142.28821,174.20613,233.02313,279.0786,268.6498,222.61172,155.40984,160.29573,134.78862,156.86263,171.98888,269.7899,170.23997,178.98062,308.4627,302.7331,192.22742,51.39882,9.015711,1.9749241,0.6175295,0.21041918
55.41001,55.41001,43.417126,33.35741,28.577003,28.220863,33.778263,53.11521,73.24073,68.68783,72.61348,77.5167,115.39343,136.0881,117.97558,131.9973,178.4143,210.25793,292.6999,270.14853,226.8374,170.96684,166.24944,161.17918,151.42046,191.33751,271.2616,185.5483,174.99832,295.41785,315.6899,202.27484,56.16481,6.268409,1.6860926,0.52957344,0.1947316
55.430084,55.430084,42.08457,31.750767,26.234053,27.622564,34.562435,58.733036,72.35013,86.4438,71.33304,90.71349,120.43693,132.5188,124.92407,126.048904,167.95308,231.29951,293.565,251.7908,224.4711,168.56526,171.45024,138.52388,149.64844,177.51537,264.22153,186.26744,186.55536,281.47836,323.44684,191.12906,48.940704,10.492946,1.8327515,0.49252725,0.19595838
55.417576,55.417576,42.93166,32.8522,28.011147,27.723536,33.558434,58.358868,73.84664,63.54528,79.418686,90.91325,115.48671,128.23492,111.734634,131.87067,166.86464,261.3462,261.67767,257.22717,242.67567,160.4692,171.86693,137.143,154.2674,177.01845,267.84354,163.68002,182.23659,285.13647,318.3834,189.69734,54.088013,7.7914705,1.8539066,0.5811366,0.20489848
