0.0,0.0042,0.0082,0.0117,0.126,0.781,1.8,2.58,3.6,5.333,7.246,11.63,13.82,15.97,20.44,23.03,28.1,33.9,37.8,41.2,47.8,56.0,59.2,61.6,66.0,72.1,83.6,86.3,89.8,93.9,100.5,113.0,125.0,129.4,132.9,139.8,145.0
64.45226,64.45226,49.0495,47.44348,47.164352,48.226433,54.79457,50.42841,48.655655,69.96789,58.678516,74.983185,51.007782,45.25628,49.054737,34.315887,45.143017,23.436811,15.643496,15.045162,18.831448,37.318604,50.787193,56.492985,91.6171,189.56001,201.51808,257.37323,202.4587,218.8491,185.20862,51.991432,33.623756,18.838404,6.7780027,3.701901,2.0683482
66.09346,66.09346,50.88072,49.831482,50.71708,54.757256,64.6997,57.9273,60.42274,48.346172,55.390945,63.933746,37.228184,39.923397,37.491497,29.783274,41.06792,18.272427,11.346406,10.512581,13.491752,28.928028,39.190666,42.3791,72.999725,149.63571,177.73709,209.31343,190.4395,188.59175,179.5295,53.42694,33.119064,16.527472,6.1413603,3.4513445,1.9547944
68.84438,68.84438,53.305553,52.564957,53.297085,56.144398,62.729942,55.57274,42.997673,40.927616,31.276978,66.957504,36.682037,37.791756,43.891342,32.80592,42.112614,20.139923,13.361847,14.538554,17.665823,30.222588,43.699596,49.750664,91.868866,200.62238,223.71513,267.96115,210.94193,214.92659,210.73192,55.890434,33.95053,16.792217,6.1881466,3.4727964,1.9784961
65.1326,65.1326,48.033848,46.621105,46.54756,47.90845,53.269157,56.679325,59.911194,67.79327,71.24029,70.686035,44.36646,39.80573,35.728386,28.947798,40.793015,18.41487,12.61477,12.202859,14.960018,31.462818,43.393562,52.95759,88.14569,169.36679,183.8711,242.96295,191.35016,164.64676,191.1831,51.692932,31.611458,20.452667,7.893962,4.72498,2.232123
60.403687,60.403687,42.530293,40.160732,39.10053,40.011524,46.27311,50.42943,50.217266,76.37873,88.53391,81.87735,48.80078,41.926323,49.693417,34.311882,48.69322,24.851336,16.176868,16.90674,20.59585,35.293915,55.188427,64.22688,103.49437,208.69508,239.37717,269.57562,231.11969,252.03659,236.0471,61.45204,38.022854,17.44361,8.311188,5.484078,2.3661296
62.50501,62.50501,44.434975,41.6497,40.150578,41.01064,48.093246,49.412704,47.36076,55.563866,63.140564,76.53186,50.448074,40.452377,51.756172,35.06305,43.666824,20.456259,12.934413,13.580047,15.758791,34.450233,48.62993,56.40801,89.62486,184.68672,207.34775,235.6041,200.75787,206.52551,203.45067,53.110588,32.886967,16.406878,6.0201488,3.3953376,1.9618516
64.96505,64.96505,48.61753,47.239166,46.892582,47.24706,50.560463,51.517998,52.382183,58.294167,42.75471,78.54146,40.329575,44.79469,53.229683,37.452534,45.53617,21.339329,13.10216,12.331677,15.0150795,31.713558,44.16135,58.470886,88.34719,198.07243,209.5446,263.6037,212.49748,239.69016,208.43336,63.031258,42.768913,21.513546,7.1909075,3.7430491,2.0522044
65.8181,65.8181,48.835003,46.846165,46.161583,47.837936,54.554737,47.37139,51.50399,58.268726,57.546753,63.38952,38.824154,32.94375,37.07177,25.976444,38.028572,17.767216,11.660594,12.127054,15.138084,31.443398,43.258537,51.15061,87.804924,175.7026,199.75578,217.74936,183.98944,250.13603,197.31476,53.9574,35.05783,13.1541,6.4840136,4.2702355,2.0876808
64.063896,64.063896,47.576138,46.008625,45.87257,48.13784,55.661694,50.81325,50.425507,66.66758,35.993645,56.20399,40.06525,34.739662,47.473923,34.752625,44.86472,21.406977,15.909714,13.312753,20.719395,30.00795,40.197742,47.43029,78.20428,160.74513,157.2322,232.29214,214.67303,229.56386,234.90057,64.19607,37.782837,12.281823,6.2011213,4.217093,2.109077
62.1939,62.1939,44.3918,41.43098,39.691547,40.378143,45.203804,45.282093,30.30685,29.498941,30.18166,66.80094,37.78798,38.91645,37.007862,26.345331,36.38327,17.550508,11.754566,12.225382,15.121433,26.770468,39.112907,45.174046,81.54951,178.42963,186.43976,212.32,164.54648,188.258,155.06284,48.187233,32.906742,20.838839,6.9833393,3.6665635,2.000053
68.27505,68.27505,50.16,48.27315,47.54012,48.18061,54.115257,45.41239,46.431484,61.133144,39.041145,64.618515,34.234123,29.3381,26.668468,23.028173,37.395504,19.237078,13.27786,11.643912,13.677979,27.613968,42.345493,51.579704,92.02864,193.54663,218.40443,262.03436,215.64088,231.75468,205.7242,55.3985,35.365578,13.074939,6.3870797,4.244961,2.0943003
64.32599,64.32599,48.560574,46.54058,45.986996,47.605022,52.639053,58.735397,45.718903,51.126816,37.252087,84.431984,48.144634,41.139816,38.873924,38.843155,44.03512,20.685446,12.780213,13.013154,14.524223,26.664331,38.4695,45.832684,76.06688,145.97493,177.26598,216.27338,195.9008,181.76993,168.96248,46.879066,29.77501,17.986998,8.144999,5.1981516,2.2173717
65.576515,65.576515,49.910355,49.085014,49.790016,52.11302,59.766113,50.50771,50.200085,37.75738,44.300407,51.447834,30.86725,33.11866,29.725801,23.873926,35.677216,17.009539,11.833047,11.386403,15.069035,30.39181,43.41219,49.122997,76.97981,150.82701,182.75029,233.28688,219.51506,204.9479,176.30725,50.840775,33.9197,15.967611,7.728712,5.142627,2.2427359
68.677795,68.677795,51.808475,50.730804,51.225082,54.01511,62.20333,53.595623,46.71317,32.1796,29.973269,60.26719,35.556828,34.44755,28.186232,22.400164,35.369175,15.899143,10.147482,9.854256,12.26532,29.670994,43.862015,55.39573,95.67113,209.7024,213.1344,263.4309,221.3188,254.36638,188.14757,52.37848,33.69802,15.695982,7.421282,5.000771,2.2246246
65.93311,65.93311,49.439404,47.869358,47.82691,49.738636,58.422726,54.06023,55.052086,65.468056,66.48841,66.94435,51.68805,47.27348,41.51629,38.897945,39.323406,18.77235,12.816217,13.502159,15.073797,28.080015,39.560757,47.66683,81.47672,160.03168,178.75401,221.77988,175.65903,200.20554,189.00154,47.561,32.01072,18.040617,6.338284,3.5752935,2.0822082
64.351105,64.351105,47.80313,46.03185,45.249695,45.418903,49.00886,52.09721,47.897846,64.8669,29.318035,45.184242,40.554146,38.589184,34.223682,28.357656,40.685448,20.567602,15.173075,12.882341,20.607727,37.240025,51.702747,61.692825,101.8843,209.49432,233.38599,272.15027,227.13016,228.4664,211.2862,58.9887,35.51435,11.989666,6.152285,4.1039667,2.0341725
65.57626,65.57626,49.099186,47.094086,46.45385,49.272484,56.220905,49.121147,48.611115,55.713623,31.10431,45.35248,35.36794,33.229412,41.18191,28.055813,39.00622,18.144669,11.998954,13.14075,16.42781,33.46472,44.97511,56.671703,100.19214,212.05905,225.19925,231.32222,210.55823,212.6156,206.80432,54.496597,34.23106,15.4679985,7.0600233,4.469323,2.1448
66.55272,66.55272,50.656673,49.448307,49.814976,52.37211,59.815277,53.02837,58.488163,60.76131,58.817947,68.414955,57.486202,43.706074,52.08961,34.201233,43.731674,21.767714,14.883037,14.570713,19.496363,32.414318,45.63933,51.299183,94.22113,210.39679,244.7485,232.20906,182.01682,232.06042,191.0424,54.103905,31.362293,13.863716,7.267682,5.039761,2.2311103
59.107845,59.107845,42.902008,40.59603,39.416824,40.218975,44.233948,44.658924,44.239235,44.936893,45.081818,66.46677,38.682995,37.8906,35.760178,29.475122,44.01054,22.039936,15.898642,13.001136,18.290773,31.199451,45.423107,56.48947,104.96302,193.84985,222.6997,300.1363,202.14307,217.93082,175.16777,52.011032,34.31291,10.012843,4.639274,2.9327617,1.8065867
65.4946,65.4946,49.320137,48.150883,48.07141,49.796955,55.42634,47.78596,46.764908,49.496284,65.47694,72.46561,41.42653,33.39866,30.657259,25.654839,40.31794,19.011978,11.94403,11.932245,15.146448,33.270973,48.966072,58.321266,97.64343,217.98793,275.82935,221.03845,202.30887,244.81027,209.30463,56.23234,34.906677,23.24088,9.507281,5.861648,2.411969
63.26532,63.26532,48.3319,46.9886,46.658688,47.86161,53.951427,46.143562,40.38603,50.103397,39.62934,79.580444,50.98817,47.30701,54.320892,37.795536,49.196056,24.466133,14.984955,13.915115,17.49383,37.317837,51.384007,60.180363,101.59741,197.39545,252.9161,254.7512,215.77448,214.85185,191.50732,54.494427,35.38517,16.491404,7.9842234,5.257499,2.25646
65.011024,65.011024,49.282574,47.377495,46.418846,46.408627,50.909534,45.74662,45.084743,43.749447,31.767124,59.586353,39.359188,41.465374,37.265045,31.586185,43.765633,22.816364,14.4927025,14.29539,16.962933,35.471798,47.460136,57.027683,97.43918,205.23322,229.60883,246.99326,193.98024,218.3167,192.07932,48.256638,33.767754,19.460434,9.312826,6.6265163,2.265997
62.448105,62.448105,45.144566,42.79705,41.30297,40.915165,43.83969,46.62202,44.860718,48.71954,41.584236,80.85658,57.912743,59.268597,42.117702,31.009697,38.931873,17.880737,11.784106,12.305591,15.396276,32.44208,47.13303,56.587864,93.450516,201.7553,222.26312,262.5828,194.45059,210.05675,209.38135,59.949226,42.398777,20.962877,7.131234,3.7039585,2.0064018
64.747055,64.747055,49.594852,48.477207,48.36892,49.194344,54.26816,49.568478,49.19321,40.841278,34.087055,69.16511,50.66873,48.583614,34.4184,29.378479,42.1611,20.604414,13.826356,14.567047,17.736702,35.462337,49.577133,56.435524,88.91606,174.1424,198.79573,278.861,223.52417,236.67606,175.82388,51.05008,32.295757,17.440487,8.101866,5.2503705,2.2852328
65.69185,65.69185,51.272205,50.885204,52.28505,56.10313,63.744324,55.15709,40.269657,49.491425,40.156532,73.248375,42.328693,43.0354,33.448524,26.678022,41.969902,20.746105,14.979326,11.881741,15.436537,29.385904,36.768166,40.06635,71.34821,161.78178,192.34549,209.7458,156.7867,186.13132,170.09862,48.527767,30.561512,20.437935,8.38514,5.259291,2.2145123
64.450424,64.450424,48.61558,46.869057,46.46244,47.979343,53.63187,45.381535,47.457504,50.029884,40.26013,72.765625,50.239506,38.96174,46.825657,34.295628,46.441505,22.380419,14.295949,14.593297,17.825115,36.472984,50.173298,59.729008,100.89811,204.7999,218.38666,280.5795,237.58252,230.38594,233.58635,63.889984,38.766426,23.55714,7.6570663,3.9549093,2.1494622
62.504005,62.504005,45.90569,44.043274,43.226494,43.237602,45.56555,46.164734,46.797787,58.54043,48.17435,49.668266,32.66508,36.274254,37.874878,30.41882,42.63648,19.397596,12.782011,13.304886,18.241064,23.371069,35.65209,41.943893,72.17622,157.56136,182.87685,212.68019,178.55913,217.48103,187.61923,54.266136,33.80923,14.467335,5.8516026,3.3798246,1.2984288
67.47763,67.47763,51.532986,50.54429,50.88383,53.326427,58.502995,65.16108,59.621204,72.09692,38.16739,60.595234,40.43697,39.936687,44.770634,32.715145,45.26713,21.971516,14.486368,11.841041,15.3969345,33.779243,49.29388,59.622395,104.68243,220.05525,260.3891,284.14993,248.48045,272.6941,254.04768,68.37806,45.588417,22.504715,7.4113054,3.8276138,2.098191
65.651474,65.651474,50.494892,49.202652,49.345097,51.335114,57.726677,49.658386,45.298447,52.70813,37.31033,68.656364,52.127068,56.621017,57.684826,36.709015,43.777344,20.168121,13.849523,14.320839,18.638401,33.510784,44.577072,51.38474,83.95308,159.2895,202.17386,223.46678,188.57259,174.74959,177.13562,51.70134,31.223248,12.176607,5.2219605,3.1501932,1.880054
65.9719,65.9719,50.73404,49.99341,50.65055,52.81009,60.036564,56.638027,53.021473,55.95976,36.178825,66.90454,39.648575,37.783985,49.59077,34.586655,45.318832,22.70961,15.195482,16.705221,23.860575,28.891598,45.870533,59.98583,92.28788,189.95268,208.4754,278.11017,230.47798,254.28738,206.42696,59.537086,39.96745,13.725855,5.8432837,3.4220357,2.0034559
69.615204,69.615204,53.609787,53.110218,53.97009,55.94333,63.478622,55.955063,53.269043,56.822517,41.066433,78.07186,51.981045,49.62415,48.695522,33.79815,40.226414,17.503016,10.732815,10.3037195,12.16829,23.887856,34.385387,39.47584,72.91921,162.8453,188.03423,229.55023,181.58272,201.45715,209.615,60.42544,40.255257,20.98393,8.338692,4.858198,2.2322357
66.23322,66.23322,48.80249,46.726456,45.526245,45.285892,48.80103,37.705574,35.78978,42.892597,29.525312,61.129887,37.329224,36.404682,42.26997,29.311152,40.20533,18.281425,11.957353,11.951818,15.154234,27.54378,40.692455,49.749054,86.96632,177.09613,195.54576,232.51195,213.38553,246.50063,159.98248,46.512115,30.04186,15.394854,5.687613,3.2649565,1.9062624
64.638855,64.638855,49.294754,48.61167,49.196297,51.12669,57.55647,52.36251,48.109123,64.86554,34.11567,49.75883,41.382828,40.823673,36.60498,29.552921,43.36755,20.845842,12.699328,11.896022,14.383396,29.642637,46.57108,57.71917,104.252785,231.70274,259.16052,313.9016,257.67194,278.84967,247.0026,66.77176,39.918797,24.382214,7.864085,4.0887785,2.2324603
66.34768,66.34768,49.931442,48.373707,47.932106,48.621555,53.815735,43.997345,47.339806,41.121914,33.51713,61.324413,48.580086,47.587532,44.667812,31.124374,43.534904,20.171833,12.636062,12.931603,14.836338,32.660446,47.31488,54.950478,87.35285,170.94954,198.6013,265.60605,217.5005,246.92831,193.70457,54.33311,34.623158,15.569487,6.997565,4.4378595,2.1458097
67.2527,67.2527,51.281216,50.252476,50.32236,50.94399,57.383972,44.917603,42.902264,49.7002,34.236813,57.14377,35.49161,37.625164,47.766666,36.729088,46.790855,21.54788,13.264641,12.036854,13.86617,30.910475,43.041893,47.566154,83.97783,172.98886,193.71971,242.49797,199.9829,209.24144,177.11533,49.582016,31.043839,20.653807,8.545411,5.2683187,2.1998613
67.23269,67.23269,50.71434,49.53899,49.832508,51.91412,59.323914,52.52372,45.83979,50.138596,35.140823,71.58685,38.414764,37.06171,44.972126,31.109745,41.082596,19.231007,12.734922,12.911016,16.371567,31.722248,41.9215,49.724186,82.36605,159.77405,183.35648,246.99501,198.1146,203.66264,189.75555,54.928394,39.1417,20.781944,8.961945,5.4103756,2.2471225
66.05419,66.05419,50.454586,49.490967,49.78677,51.734203,57.00392,48.886597,41.966103,46.81649,36.093616,72.28514,38.027515,37.096573,32.833824,26.970158,37.68614,19.20413,13.49102,13.751327,19.69127,27.398886,42.778053,51.066143,87.099556,164.36005,195.56151,238.2631,209.91248,223.26192,171.87723,51.833233,35.179146,12.204363,5.2527013,3.1422715,1.8816605
65.32318,65.32318,48.757168,47.023304,46.135002,46.670834,51.39493,41.248734,37.20676,44.883476,34.336254,68.61061,37.948544,41.076485,29.642473,24.902424,35.917633,18.922972,14.712914,12.170068,15.514318,31.370499,41.364613,46.922405,86.84957,190.27107,220.40031,224.44731,185.61342,192.39574,184.58264,53.379875,37.62243,20.141798,8.697829,5.310459,2.216557
62.25151,62.25151,46.58297,45.243587,45.082844,46.3841,50.88398,53.75555,55.583614,45.587772,56.70221,65.844765,45.60066,42.688484,38.057823,30.088734,44.929016,20.05382,12.360933,12.397617,15.632692,28.264032,44.327213,51.92093,83.88566,172.64392,212.21375,242.06004,193.09732,223.26395,213.52829,61.653915,39.114803,16.488335,6.317024,3.5938244,2.1077888
67.449394,67.449394,51.076183,49.25466,48.448338,49.204082,55.106636,53.02294,52.822063,41.59695,49.790268,60.933125,47.00451,48.02444,60.785053,39.27816,45.072636,20.920273,13.331069,13.759316,15.546793,30.56893,46.103085,54.137337,91.37804,205.36513,252.53818,258.6093,212.5656,251.51492,181.29869,50.573597,31.307854,17.700268,9.0448475,6.72637,2.2829764
60.075577,60.075577,43.884098,42.180733,41.8755,43.479195,49.218235,52.890938,37.551895,37.707745,31.31406,64.94671,44.86036,39.513138,34.044945,28.006912,43.369392,21.342646,13.985678,14.811933,19.229246,30.21906,40.83051,45.138184,80.12977,170.11885,206.55292,217.2834,200.72632,206.68181,196.53445,53.522133,33.699707,18.777704,6.7630906,3.7083573,2.0683236
64.15321,64.15321,48.973305,47.707745,47.77285,49.278534,56.340073,51.574123,53.667812,45.603283,55.292694,54.906155,35.33107,40.530388,41.11383,31.109558,41.266518,19.686108,12.938805,11.92961,15.3290825,31.800419,43.7173,50.7104,84.544945,163.42477,188.94998,252.75139,191.23866,180.20288,186.6467,55.82198,40.003635,20.452803,6.923073,3.6307335,1.9960318
61.61652,61.61652,44.601257,43.207466,43.345734,44.773514,48.948746,49.923523,45.463867,53.316753,39.4167,74.32543,48.71512,50.385845,37.006508,28.881176,41.567814,21.367949,14.198085,14.737385,19.082712,37.71488,51.65315,61.632046,104.303185,216.48122,268.53732,281.0526,262.1351,352.88596,212.4539,62.59158,37.2627,18.520763,6.714703,3.729653,2.1522272
65.22834,65.22834,47.207035,44.91429,43.65098,44.11785,49.487278,42.857857,43.94919,39.225758,38.692394,74.69052,55.33171,46.165432,37.62812,29.003597,40.613724,19.493187,12.143786,12.658742,14.650395,32.281097,44.00071,54.325462,97.1717,216.03752,285.47137,255.1188,232.95721,238.04565,215.09933,59.024296,35.607334,22.6657,8.695594,5.0856876,2.3296282
61.6916,61.6916,45.060356,43.39231,42.73635,43.106144,45.935535,46.642323,43.081337,51.288357,38.916126,77.881226,43.02088,38.56,38.505455,35.324886,41.05316,20.938633,15.548199,12.61989,17.186207,29.17399,43.48766,51.363445,82.34884,169.77786,186.84642,276.5064,218.91023,231.87802,198.6644,59.928772,38.050922,23.658566,7.717619,4.0122995,2.1850662
67.2391,67.2391,52.746624,51.854362,53.201996,58.32324,68.70883,62.839436,53.095966,69.969246,39.22174,61.850147,55.037792,48.57046,55.870335,38.182316,46.759422,23.574263,14.26915,10.855669,13.271111,31.766125,43.604443,51.432316,88.54006,182.54948,210.3473,258.88416,210.69011,244.98157,215.04338,60.1806,37.59765,15.7476635,5.9974866,3.4548955,2.0529406
66.7431,66.7431,51.96967,51.616932,52.754066,56.08916,62.873783,59.03274,51.436455,39.37234,34.29636,70.94215,45.019405,40.467396,50.118435,34.451237,43.64449,20.169294,13.285363,14.790658,18.594154,36.021767,47.472862,51.85876,93.32841,205.85655,260.214,221.45168,198.69981,228.79918,195.85857,57.76088,37.78799,12.824306,5.452477,3.2442112,1.917398
67.032005,67.032005,49.218983,46.66156,45.177944,44.930805,49.65718,44.066486,42.832623,49.53662,36.704494,80.7448,54.719753,47.26319,53.388405,36.859295,41.752907,21.043407,14.5649605,11.832278,17.823181,32.229977,41.767044,45.401245,80.91312,168.81244,190.96503,242.65967,213.25217,229.4512,173.62413,51.094215,35.804985,19.379286,8.35479,5.069224,2.131066
64.57923,64.57923,48.106358,46.157963,45.568684,47.519867,54.058548,47.159576,45.65593,50.983376,47.586563,84.15862,39.829327,44.674004,30.617342,23.906094,34.125874,16.568758,11.492686,12.522553,15.494118,28.969004,41.03266,47.76211,90.078,206.23921,255.3331,195.47998,196.0711,218.58281,158.56755,45.733036,30.752808,17.558352,6.2554126,3.5061488,2.0050316
68.74594,68.74594,52.894253,52.052666,52.38822,53.074844,59.79947,49.802174,41.82044,52.28855,36.46928,60.132095,33.87639,39.784943,54.596107,36.51466,47.35471,20.092148,12.0313635,11.977389,14.753495,24.914158,35.056747,42.499626,77.37803,157.6559,186.09679,230.25876,206.98535,218.78632,199.45085,52.025845,31.990593,21.245686,8.772111,5.4561987,2.3094504
68.80241,68.80241,52.346382,51.548527,52.0746,54.023697,61.7343,55.521862,50.3982,53.365887,36.437847,66.95572,43.160507,42.549713,33.59137,26.497314,38.617767,17.398636,11.486353,11.539129,15.18821,27.082287,39.42569,47.69064,84.287735,174.37062,206.3688,242.70613,196.70746,217.10953,203.73097,57.485226,37.98066,13.022412,5.5565047,3.3018284,1.9408765
66.20611,66.20611,49.17342,47.111984,45.970745,46.192875,50.79139,44.23734,43.179058,47.835907,33.538315,74.06519,46.38947,39.92688,35.141884,30.246693,42.636406,20.712477,13.380721,14.147812,19.7799,31.859634,45.775845,54.74237,89.654335,181.00883,196.98198,275.24228,239.35056,215.49466,217.3749,57.567837,35.47284,17.44386,6.4944787,3.5587802,1.994117
67.32144,67.32144,49.346066,46.80967,45.147083,45.13506,50.096634,46.92981,46.40373,43.88957,33.87681,67.31512,43.282814,39.796295,52.449463,33.711895,41.82753,18.900932,12.857453,13.614913,16.559465,28.000504,40.6247,49.16458,81.03018,165.67479,184.16586,251.02042,177.012,201.66309,163.64627,47.892796,29.945538,16.466085,7.6164055,4.9941463,2.1893415
61.863518,61.863518,45.5024,43.67118,43.002857,44.040737,47.901546,48.017063,46.090397,53.3357,87.19004,57.00838,50.03043,49.850876,34.24566,27.512281,39.57566,18.16835,11.903264,11.449866,14.900608,25.174828,34.828987,42.89689,71.78462,136.29778,159.39723,201.43214,175.45882,174.75395,170.49254,48.905846,31.57249,17.760395,6.3787556,3.55761,2.0217571
65.2624,65.2624,48.136707,46.123753,45.318535,46.800453,52.948,47.443542,45.013622,62.305645,32.50596,57.174686,41.08446,38.704952,25.408285,21.739244,37.75061,18.817972,13.053915,11.319125,18.117392,32.840317,42.776005,48.290127,88.88433,194.94357,212.05266,292.473,211.11987,258.88986,209.18211,63.774765,38.73156,11.084825,5.129472,3.1968007,1.9637187
66.79247,66.79247,51.55914,50.64692,51.544086,55.57037,62.242012,58.231686,50.762493,56.528904,68.08267,69.759674,48.99389,50.339176,43.602856,31.009136,40.0901,18.464874,11.487008,10.908182,13.418796,28.451344,37.326298,41.527256,62.874542,134.78967,149.38301,189.86201,151.02652,184.96104,162.63574,47.651478,30.513428,19.195534,9.655792,7.0527134,2.4738185
65.68972,65.68972,50.03087,49.09552,49.712914,52.501587,59.832645,52.228504,45.96699,45.526176,35.73832,78.255196,53.57986,43.64715,59.625458,37.44255,44.70028,19.821552,12.442455,13.184592,15.368908,33.572884,45.26656,53.935135,92.8216,188.258,219.78705,225.37782,200.54546,236.03206,213.3199,56.55843,41.490166,20.988115,7.1575623,3.7327332,2.035802
63.183853,63.183853,46.309013,44.512634,43.91588,44.747437,48.596977,49.969822,44.31292,50.849678,35.568836,70.904175,59.878384,44.42438,50.403,36.67804,48.199104,22.85405,14.647906,13.381309,17.485199,36.502766,54.058704,62.031036,100.88164,201.26994,236.2708,205.61778,189.26898,230.37004,186.00832,57.82595,39.284367,21.156603,9.096181,5.4834256,2.2393844
66.72204,66.72204,52.1344,51.299812,51.94708,54.87894,61.20916,57.186893,55.491756,64.28687,59.768665,66.501526,46.935383,41.571373,51.32736,36.08579,44.37445,19.632607,12.342791,11.874391,14.76751,31.21225,41.075222,48.116493,80.217636,160.45079,172.16402,229.49603,192.26494,221.14491,202.3622,58.894096,38.44205,13.105088,5.589945,3.3217063,1.9618673
64.24343,64.24343,48.332623,46.987297,46.898125,48.340797,53.70184,46.757458,42.435917,47.42482,50.40778,57.098118,34.29955,37.27227,37.354225,29.00188,40.151066,20.489557,13.882962,14.287041,17.599178,35.40195,46.018204,49.84929,79.75273,172.04648,215.66824,182.69746,165.35551,225.0815,175.57886,49.9274,29.937584,12.820704,6.4088364,4.2437167,2.0910032
64.155266,64.155266,48.489147,47.5684,48.125248,50.057972,56.68939,48.291153,45.650517,50.823452,41.828735,76.67547,39.73382,37.342236,39.17574,30.795668,45.370373,22.596094,14.451251,15.168468,19.841627,34.57879,50.979942,56.791702,103.1942,231.58337,274.54,266.46335,217.73758,249.07527,213.67914,53.93872,32.135433,12.41639,5.3051786,3.2008872,1.9359746
64.54312,64.54312,47.92175,45.872173,44.993893,45.669937,50.832226,44.291573,45.66982,59.968582,52.85617,61.709778,51.468525,55.206947,34.71466,27.903318,38.816875,18.891838,12.289918,11.439838,13.83564,27.698263,42.265423,52.5277,92.20874,184.33562,205.39977,237.39543,194.43047,211.0967,191.20583,51.46462,30.441523,13.372414,6.943154,4.7896748,2.155485
65.509186,65.509186,49.27054,47.908092,47.645443,48.5255,54.4281,45.135303,46.95812,41.109413,37.17025,79.0978,54.541973,48.3777,44.468994,40.2831,43.838963,20.578377,13.37195,14.424503,17.294409,35.53945,49.728764,58.097088,98.7057,199.398,226.9277,293.8088,249.05559,256.16745,221.77286,60.54709,38.59234,13.294337,5.7319183,3.386097,1.9955547
64.043205,64.043205,48.580605,46.78321,46.155437,47.697666,53.294632,45.797894,38.56536,49.595215,53.276005,62.47679,44.85209,40.052937,34.341545,30.196926,38.43194,18.402843,13.114768,13.09246,17.138573,25.157246,39.259266,48.635956,86.33113,174.63884,201.18703,276.87067,217.73508,221.47679,191.78317,54.95881,37.216686,12.937665,5.5608635,3.2671952,1.9023066
66.355316,66.355316,48.907177,46.841923,45.720337,45.75983,49.74887,40.555794,38.38505,39.74088,28.001974,57.599236,34.974834,36.444443,45.905468,32.76593,41.762886,19.779413,13.64874,14.273038,17.386353,29.93706,45.512672,52.83565,84.88061,168.6031,189.67497,244.52104,226.72054,199.06973,180.55768,47.437695,30.03665,18.074427,8.120486,5.2245893,2.2297528
64.37438,64.37438,47.95311,45.79987,44.838284,46.272697,52.42484,46.77008,46.241795,66.611336,33.555874,53.24167,39.83856,38.235302,32.932938,26.482876,42.725185,21.017296,15.259586,15.737438,23.887411,34.919643,51.52392,59.60187,97.67929,210.35344,243.09924,268.82318,235.21619,273.34045,215.04329,61.70212,38.54609,23.987547,7.72661,4.0492587,2.2329776
65.493454,65.493454,49.415604,48.188576,48.239697,49.610886,55.325718,45.00171,41.42224,46.117462,33.62367,72.73541,51.213387,38.71388,46.25332,34.272133,40.878166,20.296108,13.219685,13.98781,16.937336,33.869347,47.01284,55.599045,89.85487,182.20734,211.80998,244.44226,193.60349,216.21425,215.18034,57.15028,36.20211,22.231524,7.3353148,3.8227296,2.080835
63.21698,63.21698,47.226326,45.28676,45.00905,47.459675,53.592148,57.0374,45.474827,61.51652,57.23747,63.13665,45.118652,42.488304,40.414497,31.027073,41.406425,21.015657,13.799243,14.757405,19.375772,33.161316,47.86089,54.144646,86.26324,197.967,228.02872,199.67406,183.40105,224.32695,180.4552,51.437508,32.77615,19.72769,8.804876,5.575391,2.324004
63.0981,63.0981,47.51033,45.84714,45.230556,46.29298,52.019943,44.976315,39.72645,50.444534,35.825623,66.524826,38.1034,36.606735,33.411224,27.369883,41.479286,18.441507,11.020999,10.641742,12.449813,24.615765,34.597813,42.44263,73.91976,150.60687,176.552,221.12584,156.53018,175.99165,155.28542,47.98709,31.15989,11.874741,7.016223,5.81865,2.1401367
64.43589,64.43589,48.133884,46.666332,46.569935,48.849,56.000786,47.6111,50.629734,40.042873,44.423862,83.8178,38.11032,36.093853,31.843105,24.388634,33.735855,17.090975,12.312871,13.158735,15.384878,26.984253,38.018555,43.432835,79.00802,161.9639,182.44527,225.6482,185.94661,162.0854,182.2089,44.586594,30.421719,17.360054,6.2871737,3.4750423,1.9534099
66.22598,66.22598,50.28706,49.16166,50.002094,53.484318,60.30547,54.047836,48.724747,48.460518,56.63036,61.51679,62.935097,56.909214,34.032394,28.887646,43.023834,20.72406,13.439719,14.134706,17.416985,35.49142,49.08607,59.65897,97.12968,200.88374,201.08571,242.68369,205.48756,274.01105,163.74168,47.610962,32.15489,15.375998,7.439806,5.068817,2.247806
63.893913,63.893913,47.35365,45.463444,44.89977,46.70262,51.98126,43.804287,37.051365,49.633553,50.23727,94.29858,61.290314,59.532444,36.804348,29.894644,40.81224,20.222847,13.998867,14.438977,22.791239,30.42693,45.568596,53.68061,89.08365,165.89484,202.55467,232.71692,213.39432,196.01518,184.34367,49.299156,29.097967,12.370598,6.1419363,4.08326,2.0415056
63.977142,63.977142,46.94502,45.09141,44.418926,45.94458,51.67172,44.80491,43.91131,42.959194,46.27981,91.65133,51.811195,51.73627,37.945435,31.445595,38.817066,20.691248,15.109295,15.111044,19.429384,39.202576,52.237453,61.779396,107.16363,228.01889,263.22495,237.89694,202.9933,243.95903,199.55592,57.033302,37.92211,12.931201,5.481657,3.2358432,1.9184935
64.35646,64.35646,48.113033,46.26654,45.55282,45.36003,47.938953,53.861862,50.43356,60.28057,52.61398,56.08489,40.656208,38.71022,48.34422,34.62014,44.994392,20.313591,13.2966175,13.59578,17.25377,33.142773,44.46836,48.471844,85.10462,171.6697,195.99818,251.48602,223.18889,200.98659,174.9052,49.35333,31.634819,16.084055,5.915325,3.3515787,1.940485
64.6764,64.6764,49.83758,49.021652,49.24902,50.389843,55.24877,46.825977,40.09823,44.882416,33.00415,67.35389,51.339596,50.927975,35.140186,29.116274,41.93192,20.565554,13.018288,12.976119,18.009995,33.645023,45.21642,59.214245,92.95829,184.91911,210.72899,269.69925,186.01248,211.00671,184.68344,52.82007,31.302177,12.239846,5.2929497,3.198771,1.9054427
64.58436,64.58436,49.01326,48.03641,49.047234,52.283123,57.593784,60.089966,53.687206,56.873188,80.678795,56.921173,37.29055,33.729183,32.680996,26.556887,40.823376,21.128798,14.719468,15.903595,22.375324,26.4672,40.1857,48.465096,81.52838,164.73343,187.78534,247.11804,189.67816,199.21156,151.17921,47.09378,33.210117,13.289873,6.981088,4.885988,2.1939268
64.871124,64.871124,50.44827,49.828346,50.983288,54.15672,61.57721,54.47564,52.95862,50.636185,37.076027,72.47832,38.73544,39.64296,49.252865,35.14526,45.5241,23.407022,15.826735,12.739296,14.563569,27.101336,38.062374,41.84993,72.09845,143.06175,175.36755,179.91116,176.05785,212.69485,174.7268,51.552963,33.18635,21.983236,9.278625,5.618234,2.2779973
65.559,65.559,47.88945,46.53062,46.27497,47.370964,52.156788,41.57705,46.42087,50.913036,38.44053,77.34425,37.76079,37.08668,33.198906,24.928034,37.89087,17.743753,11.470237,11.263309,14.052709,30.47023,45.298004,58.866173,90.94763,192.16422,214.93431,259.43283,204.55078,260.7397,173.31215,50.541885,31.7221,21.506672,8.24495,4.9436464,2.3166218
66.464836,66.464836,49.08868,47.19785,46.55754,47.718616,53.623486,46.47312,48.688396,60.99636,50.693264,58.362625,33.140793,34.647034,32.515633,27.034437,36.87478,19.834005,14.048971,12.402859,15.697964,32.466015,43.384705,47.70066,83.53094,168.10056,199.73846,259.06488,190.76083,224.14865,200.13535,60.552307,37.69996,10.955442,5.020724,3.1114035,1.877703
63.760773,63.760773,45.584908,43.50669,42.69856,43.0377,46.546093,45.86762,40.83992,44.201164,41.051544,66.393456,36.717087,43.09068,61.538315,81.2751,46.211933,22.173351,13.050332,13.649624,15.065054,28.78518,43.04216,49.864094,80.722694,181.46104,203.55775,234.66278,186.63963,177.42474,203.82167,57.47332,37.20181,12.661033,5.4118266,3.2681975,1.9765279
63.988266,63.988266,48.043705,46.249947,45.468224,46.59403,51.512802,44.704975,43.1844,55.698612,64.49582,72.06347,46.737404,45.30963,36.729996,29.118517,38.750645,18.12719,12.621151,13.924449,17.572472,30.409239,44.798195,52.721947,88.779175,177.59499,202.9714,262.08505,234.6566,215.66196,191.76138,58.217964,42.198273,21.008055,7.185217,3.7233753,2.0065129
60.629524,60.629524,44.628532,43.107826,42.92947,44.53737,50.762367,52.689934,41.997715,49.222202,35.87228,69.0098,36.93729,40.06302,39.513256,39.95548,46.61941,21.310602,12.729684,11.901954,13.645123,27.388334,40.791927,45.28046,70.00198,154.80734,172.96521,232.21506,185.3607,205.1283,168.35402,53.263,38.5415,20.692255,8.4455,4.901237,2.233651
66.244095,66.244095,49.55372,47.848087,47.54696,48.95837,55.43888,46.92429,51.943996,64.34375,64.801125,88.502716,45.429752,40.9267,38.465595,31.30254,39.911434,20.962675,15.640406,13.124287,20.462313,30.31917,42.56372,50.387478,82.64071,161.92358,182.65077,265.1645,223.31206,268.49622,230.36618,61.30897,35.51593,19.81222,8.110708,4.898993,2.2976837
67.212,67.212,50.501755,48.71601,48.332314,50.43609,56.57301,50.022026,47.54747,50.181484,52.416367,59.41845,35.288914,37.465607,46.216873,27.618372,38.59097,16.746368,11.707795,11.888072,14.561751,24.755455,35.36873,44.592278,78.48349,156.64041,182.53383,235.04121,185.07228,173.69275,173.15031,47.880543,32.222397,12.625751,6.601766,4.537926,2.0199587
63.16268,63.16268,46.602245,45.29201,44.996387,44.880444,46.039814,46.379566,46.602665,46.17028,36.034496,65.80258,45.286793,38.167942,50.792786,36.026108,43.70896,22.210398,15.170982,15.957739,20.623806,37.74658,52.944637,62.90382,103.65762,224.32501,256.8776,260.24664,203.78876,253.12555,254.621,68.18977,42.384666,14.172667,5.956895,3.4902034,2.0757868
68.90292,68.90292,52.074173,50.616863,50.550014,51.760075,57.525795,51.205208,45.315365,52.546185,33.460426,59.886482,42.30287,36.366962,32.8336,27.706556,39.05542,17.75288,11.998645,11.54261,14.064951,28.308084,35.597454,38.329597,60.525192,121.07924,146.2712,186.18878,164.21896,197.04071,202.92531,51.317436,32.52665,16.547913,6.1410103,3.503759,2.030125
63.67955,63.67955,46.766556,45.16929,44.554066,44.541195,46.147476,48.31646,42.8024,50.290787,36.697025,68.393936,52.0726,48.410313,37.708447,29.636463,43.12687,19.026478,12.833578,11.893402,14.119309,26.501293,38.595284,43.25451,77.41183,164.39087,187.42192,238.6183,189.12752,210.13145,187.64433,53.02484,31.132591,13.739154,7.1668406,4.94108,2.2054021
67.598,67.598,52.055145,51.146088,51.750065,54.189365,61.724342,52.5445,47.175274,43.552715,31.81345,65.09109,36.87795,37.35973,41.59695,30.15007,45.493942,22.006739,14.03132,11.211701,13.444519,28.155386,43.044334,51.693024,90.75409,176.32138,202.27153,246.10368,208.79999,208.28693,187.33084,51.055367,32.850266,15.372824,7.4282045,4.962255,2.1719682
65.45535,65.45535,50.376423,48.914677,49.03974,52.33753,59.920574,54.958668,51.140427,60.542774,32.482258,62.387627,50.13687,41.011242,31.881828,24.879059,38.167206,18.669249,14.103088,11.6882105,15.287891,28.610365,45.27417,52.038624,86.94015,191.00769,212.13528,275.33435,252.65353,285.11206,203.84297,54.38424,39.75783,20.726048,7.042424,3.7140093,2.0445874
64.61683,64.61683,47.72812,45.873352,45.04705,46.322212,50.501446,51.64577,47.73936,56.2172,68.85214,65.45668,47.016895,46.27434,35.97658,27.786703,38.854527,17.790207,11.257043,10.756095,13.383442,26.793339,40.25089,49.464108,86.324135,182.14723,194.80049,261.8888,184.60493,182.09512,198.6966,55.583477,35.921223,15.218868,5.8669686,3.3623533,1.974473
65.67398,65.67398,48.90768,47.683468,47.485645,48.363857,54.013615,46.354073,46.07044,47.61146,36.75801,77.841934,50.901077,52.55613,32.775463,25.0659,39.14132,18.269197,12.037289,12.360372,16.035244,29.152155,47.09939,57.575993,96.60612,204.79018,233.69936,265.49597,225.21414,272.4774,216.10405,59.47488,33.66291,12.909658,5.534533,3.3286166,2.0150452
67.23995,67.23995,51.69785,50.7296,51.31433,53.92848,60.892002,52.15228,48.392662,55.719273,54.876465,58.531345,34.842957,32.679657,33.305614,26.475048,36.499603,18.1858,13.020129,14.296005,21.707165,27.07114,42.021137,49.2878,92.2027,192.97305,220.78801,255.6047,207.14746,226.66571,185.1637,52.33162,33.554207,16.851582,6.228013,3.4775033,1.970561
68.340515,68.340515,50.615654,47.93375,46.00165,45.321312,49.030735,39.917637,40.53598,59.57815,50.204384,82.57856,39.212452,39.755608,44.288918,31.065636,39.096306,20.137012,14.385641,13.7076235,15.803209,33.95704,45.495407,51.188908,94.39201,209.4312,258.7812,238.63844,219.8373,204.17563,195.60208,57.768753,35.574173,22.2403,7.337038,3.835722,2.083473
65.803986,65.803986,50.732655,49.98744,51.400105,55.81986,64.251366,56.30834,46.10332,63.380676,63.5772,70.00983,41.624176,41.875355,50.1784,34.192616,44.191963,20.688496,13.325747,12.454531,16.101505,28.887455,43.32118,53.521584,95.02504,190.94858,206.19989,240.15117,208.6703,213.05681,165.89961,52.691883,34.052597,15.985443,7.7411118,5.127984,2.1918833
68.03367,68.03367,52.35728,51.446358,52.125042,54.474155,62.5897,52.767986,49.274406,55.442677,41.652042,88.811,41.753433,40.994694,50.496544,33.955166,41.121483,20.642256,14.225047,14.070762,17.99112,35.552956,48.619076,59.4532,103.23196,213.0812,222.79294,200.90042,178.48294,223.15254,176.17296,53.472694,35.047497,22.249554,7.308258,3.8229747,2.0867758
65.767136,65.767136,49.07625,46.96816,45.978123,46.243874,50.522755,43.463554,41.614464,44.31543,33.60298,58.55318,48.15696,41.544212,37.256695,30.115183,41.090645,18.174656,11.895985,11.446103,14.777554,32.963123,48.13536,56.044674,89.60464,178.93686,201.52812,268.9336,233.37212,237.94684,188.47624,50.965603,28.084465,10.771268,4.6842837,2.9442236,0.9397899
60.524574,60.524574,43.674152,42.21755,42.260174,44.1467,50.223587,54.72305,47.74924,51.66809,57.161655,63.254166,43.354183,37.502567,36.387745,30.372969,44.255203,23.88774,15.131634,15.274363,18.209726,36.522156,52.455147,59.572666,94.63384,190.66109,235.79968,263.50214,212.63873,254.0866,215.39754,63.795486,39.59748,16.10605,8.999502,7.018182,2.522123
62.94391,62.94391,47.449253,45.967308,46.22922,49.29547,56.337208,49.21735,42.535877,58.98733,56.196682,96.41117,52.310654,39.270287,47.82842,36.832813,47.105263,25.117308,15.908327,12.449004,15.831797,34.22491,46.87444,54.115047,92.02247,212.88062,237.37816,282.51404,221.46278,226.93486,217.71692,56.74691,34.49018,18.983976,6.644942,3.673491,2.0928392
66.64655,66.64655,51.21816,50.221565,50.466854,52.141975,59.822525,55.877903,59.991287,53.84946,61.84541,65.380486,56.0835,46.296024,59.317444,38.423935,48.631,20.732689,12.201867,12.078136,15.058426,32.766197,47.375877,55.607628,91.76949,188.66281,209.33229,304.37906,238.80475,255.05432,202.58632,59.260544,40.202972,20.51147,6.856248,3.6148987,2.0146973
66.59209,66.59209,52.14864,51.403286,51.95235,54.07637,59.67971,55.519943,49.103428,41.042492,33.261105,62.087234,38.194984,36.629402,53.66346,72.83478,38.64171,20.406172,14.543881,14.606244,18.159622,27.896841,37.06823,42.22445,69.82118,150.92317,177.96446,222.33241,211.2506,217.69669,180.18077,50.527615,30.149336,13.446028,7.080035,4.863199,2.1609619
